ModelDate, MonthlyFactor2030, MonthlyFactor2070, MonthlyFactor2070DEW, MonthlyFactor2070WMW
1/01/1915,1.0400471020946762,1.2397422569307932,0.8634548847756285,1.176288926249262
2/01/1915,1.0036875981808904,1.3302836694159565,1.3855512865462656,3.4469779217153476
3/01/1915,1.0448677236341715,1.58140271639883,1.3233141110065076,5.122787527128719
4/01/1915,1.0312858818097592,1.0995340872862678,1.001343969449036,1.7281229011407802
5/01/1915,0.9752956370122096,0.6949199143740721,0.9301627899152015,1.170529130050318
6/01/1915,0.9696497506557272,0.8637882101097013,0.8727849503703945,1.109608784300364
7/01/1915,0.986280555779511,0.9454303241327537,0.9459363849828274,1.0412511733301995
8/01/1915,1.0033774398379463,0.9989706034508097,1.0047007139598865,1.0256451370144022
9/01/1915,1.001333919943759,1.0009025164315462,1.0044520376083421,1.0133116423363455
10/01/1915,0.998308725863179,1.0004924844832175,1.0054861103237063,1.0045744230242848
11/01/1915,1.01658911266561,0.9024077125288861,0.7012016212260558,1.42324769171599
12/01/1915,1.1853971391431133,1.327751323555322,1.1041766976811884,1.7786123137807026
1/01/1916,1.097168671669868,1.3801883663500938,0.9181614511515702,1.6897273218797035
2/01/1916,1.5600295287111519,2.2565162424961365,0.8601423019701736,4.377630630376539
3/01/1916,1.393173652795424,1.6312299932304108,0.980273439015563,3.2046293058701845
4/01/1916,1.093443002769283,1.0964485890610387,0.9270538462460234,1.2793590216124024
5/01/1916,1.001391746587368,0.9661446805191085,0.8831070368033539,1.0331839336922573
6/01/1916,1.0059484603197009,0.9977224389021995,0.9608880045673545,1.0435106595788188
7/01/1916,1.028212470470864,1.052985348052492,1.0663176169487734,1.091514276255968
8/01/1916,1.010779220842922,1.0217145844485171,1.0327665181723886,1.0156719648232375
9/01/1916,1.0038757656359507,1.0112855752866736,0.9560885586164047,1.1013798596505595
10/01/1916,0.9455013808838668,0.8767966671668151,0.6576431190736007,0.9034557322936289
11/01/1916,1.065605636105505,0.8579458735939665,0.6645354726966214,1.2269029203841244
12/01/1916,1.1577529042722574,1.1239156664277639,1.0927726124563168,1.670018217700669
1/01/1917,1.0130345096398232,1.0554647855063466,0.8869451028911499,1.2600529397198927
2/01/1917,1.0233610633710646,1.1369680967552114,1.3840643808857938,1.6522624830784771
3/01/1917,1.1918117926262282,1.195278513215213,1.1551406736550365,2.210587137358915
4/01/1917,1.0193444506253575,0.945034288158594,0.9480345491592131,1.3130214837130392
5/01/1917,1.0225402918365436,0.9581296372319982,0.892861455135024,1.3127614181985836
6/01/1917,1.0207062967944165,1.0005262383230247,0.9622804043846238,1.2245491751499822
7/01/1917,1.018811967845315,1.013478180869475,1.0002939088423954,1.1398962338359442
8/01/1917,1.0104022467760334,1.0132042955629965,1.0136999381992626,1.065905508919377
9/01/1917,1.0039652411300868,1.00548310122611,0.9979420030408598,1.1799841527033572
10/01/1917,1.0042070429436265,1.0061783238588835,1.006964876233169,1.0149773275835834
11/01/1917,1.0009326962206335,0.9212116879501189,0.7718707789677386,1.3736481833760732
12/01/1917,1.0999283259973147,1.0506821173833365,1.0671625120006696,1.7423168186372224
1/01/1918,0.9375259580212627,1.1191529460531309,0.8884450543538697,1.34517633227615
2/01/1918,1.018616541922954,1.0994096746469137,1.3624999209912236,1.928521791266713
3/01/1918,1.02869001027446,1.069474233950428,1.0703010231101688,1.461472243925128
4/01/1918,1.0008211551351622,0.9405908326548944,0.9624028837641491,1.4135204464368625
5/01/1918,0.9790275220152087,0.9766166018745862,0.9696830881523806,1.4233493922714808
6/01/1918,1.000074133721544,1.0006368381052009,1.0028384382042614,1.2566385423982678
7/01/1918,1.0040823453392158,1.009382339702175,1.0180685512952083,1.1350932371295797
8/01/1918,1.0025096420371056,1.0076260943173792,1.013580658785366,1.0431158482272807
9/01/1918,1.153001297166059,2.0331507482866167,1.551932301936412,0.8864334773109952
10/01/1918,0.9921645742997454,1.0902923724954499,0.7762791153332167,0.8133593403389449
11/01/1918,1.0516663934615904,0.8952779086949684,0.44212643487724834,1.514323262051622
12/01/1918,1.0740364801845153,1.0823642394999176,0.9386747719530526,1.6272606935851963
1/01/1919,0.9933924729927701,1.06679414593155,0.8357021428671766,1.25632181656006
2/01/1919,0.9934421837293657,1.0897426208065613,1.4237220278247098,2.350971605066153
3/01/1919,1.1092962180016332,1.2982174980871115,1.1791842817624916,9.74998459373332
4/01/1919,1.0417833606794744,1.033494539066067,1.00538858554349,2.15475957119279
5/01/1919,1.000431471048851,1.0147837549591623,0.9527659931307051,1.234797222813992
6/01/1919,1.0043831627256739,1.027643816211153,0.9983981757499202,1.170071730735925
7/01/1919,1.01110667390559,1.0372028756828777,1.0392197719526242,1.1062889966698128
8/01/1919,1.0068937120623127,1.0177676009392573,1.0233986544075395,1.0398682070392589
9/01/1919,0.9678803229365832,0.9965107832393537,1.0044721317600072,1.4807779142854616
10/01/1919,0.9578781905541471,0.9521805007184261,0.9126461482854353,0.9567366178222882
11/01/1919,0.9612755130092188,0.9354688710219818,0.8348155432231249,1.2364612864009095
12/01/1919,1.1441655217047921,1.132582977274871,1.2231749167305634,1.7927311073459813
1/01/1920,1.053219359024321,1.1831148923309553,0.9229824231658948,1.3319174531186404
2/01/1920,1.0279562674869618,0.9973257401323273,1.1583997005461282,2.317389998163074
3/01/1920,1.03959889435669,1.0655040915948273,1.0767243242209628,1.4069462576959417
4/01/1920,0.9908758695280265,0.8811779705272105,1.0484702120687037,1.293628890291708
5/01/1920,1.0063622823791736,0.9737416030879146,0.9708439211253247,1.455064716697023
6/01/1920,0.9757218801117729,0.9501351955394775,0.8954187968879557,1.0395317735987264
7/01/1920,1.0083455708070017,1.0304944430356233,0.9995304304142102,1.0572819042202326
8/01/1920,1.0013909722247019,1.000999341248194,1.052032938274447,1.02051862793106
9/01/1920,0.9941023058556536,1.003421474034555,1.0062689553196236,1.0156228476468696
10/01/1920,0.939281676955481,0.8230181309069766,0.5897412277061086,1.0231196620324337
11/01/1920,1.058468772206024,0.8952732311919632,0.43560868710240275,1.5623065777024143
12/01/1920,1.1230778220246829,1.224456462905185,1.1036708249366023,1.671579731066743
1/01/1921,1.1461911240281586,1.3685965335369537,0.8918505710599767,3.3492905878613284
2/01/1921,1.8995057643998834,2.4714868749587726,0.5650034104979222,8.114130580389775
3/01/1921,1.3246942402846262,1.3575073696411182,0.772077067122155,3.550649680443773
4/01/1921,1.1205117481508258,1.0507062596592107,0.7187908675342766,1.3678888712192896
5/01/1921,1.0264562237421968,0.9174266553399538,0.7378345033639906,1.026690056221377
6/01/1921,1.0254191769807703,1.0022642716657615,0.841516206985042,1.0607952672337242
7/01/1921,1.025338970905236,1.0394232232299725,0.9454439615551765,1.0587913562769817
8/01/1921,1.0198285047896352,1.0408130713040442,0.9976221583437336,1.0378203431393234
9/01/1921,0.9986825369269383,1.0111937632411225,1.0009371253422257,1.013359326641129
10/01/1921,0.9931818348930622,0.9983311025201935,0.9969575449485515,1.1044419481867005
11/01/1921,1.086275140067047,0.8860550362814822,0.5478434987109491,1.555213371391194
12/01/1921,1.175653858536249,1.270748712012115,1.1408752344039421,1.5661014917760596
1/01/1922,1.0261960284329243,1.1028816810856614,0.9243081505501587,1.2632214836655618
2/01/1922,1.0420296855951758,1.0864878500963024,1.4846806730803388,3.5073275428269564
3/01/1922,1.1515099759253613,1.2124071448130602,1.3049407779525142,8.529526496087438
4/01/1922,1.121895055964437,1.078804383583192,1.0831896095989697,2.3574834625316323
5/01/1922,1.0584347304140425,0.9882224183528797,0.9054699942246528,1.2314901740079218
6/01/1922,1.0342783615750402,1.0126358625646912,0.9928852714758745,1.1789556192654667
7/01/1922,1.0298887908841168,1.037710572540364,1.037584745968984,1.1238950906270382
8/01/1922,1.0178487077008933,1.0308552578048682,1.0341642648582339,1.062853406931748
9/01/1922,1.0056158493744154,1.0115742924903914,1.016924883256835,1.0190496343314563
10/01/1922,0.9798383832283201,0.9289629735424865,0.6760572040546632,1.0802675224581004
11/01/1922,1.0819606341411205,0.8427903514733525,0.5676793259713099,1.3126854352024255
12/01/1922,1.0940059174227152,1.188155254520943,1.2049558543938048,1.6937247558040873
1/01/1923,1.2902015776021059,1.3465010232758923,0.9156415152423427,6.177929023717206
2/01/1923,1.8206851306451157,1.7818594907497245,0.7915270042345043,6.816923299380167
3/01/1923,1.1801661355714033,1.1326686120751497,0.9009893904257349,2.6743912127388962
4/01/1923,0.9850700704370994,0.8310940546741288,0.9209780672241205,1.1020235424763347
5/01/1923,1.0024226464694652,0.9039678156876724,0.7813397232007874,1.0829281685771683
6/01/1923,0.9481275067002612,0.8863610078819099,0.7544854773427382,0.9378884798815347
7/01/1923,1.0051381994552422,0.9855015603802204,0.9385020405843988,1.0162862209467212
8/01/1923,1.0054185030294018,1.0016746751370644,0.9892561723253177,1.012648867928839
9/01/1923,0.9574447805499933,1.012178043802563,0.9536319734760844,1.6773193147581613
10/01/1923,0.9022640739786397,0.8886716393164893,0.6982708510511018,0.783288512281456
11/01/1923,0.96685165206598,0.901481731074176,0.7006084775879828,1.3616991480461031
12/01/1923,1.070684114119582,1.0271153313676655,0.9621443523781686,1.861686030989198
1/01/1924,1.0188046789261973,1.0898772639849832,0.9229975338619797,1.2614700562972623
2/01/1924,1.0537378843135528,1.136906616420528,1.5214168460482351,1.7841364561535584
3/01/1924,1.083401550948475,1.0847054424076152,1.0136819833689412,1.3021874297112899
4/01/1924,1.0376163368689078,0.9281335065360083,0.9585836057034542,1.17962713297146
5/01/1924,0.9834651447322637,0.9816664282859057,0.9960535932090522,1.1034868802231803
6/01/1924,1.0031003324931276,1.0040600182813348,1.003993241447608,1.0355409903648007
7/01/1924,1.0027880344458293,1.003486672519535,1.003704855106676,1.0221808126574685
8/01/1924,0.9995221326832449,1.0016308546817507,1.0032105271420628,1.0120620703026901
9/01/1924,1.0005901319722332,1.0025068553653267,1.0026057934739518,1.0130687143784955
10/01/1924,0.9579229519460716,0.7241250680645768,0.33649292147030996,0.6834484971814061
11/01/1924,1.085652675556708,0.7977552845675087,0.440591771238541,1.1687371835625093
12/01/1924,1.134361424833636,1.202903037230044,1.0450735714181967,1.5953946874888711
1/01/1925,0.9709857351618038,1.080059072103314,0.7890970474856175,1.2749040362467645
2/01/1925,1.0028584815908452,1.0494579315660064,1.2280105721375476,3.382246463737299
3/01/1925,1.0915764396910856,1.068266017795658,0.9563929541511413,4.769934625603225
4/01/1925,1.0285487151131107,0.9136192222881041,0.7964526791257213,1.4671183070075509
5/01/1925,0.9573717659340567,0.8402367184427615,0.7908160621727729,1.155810192243657
6/01/1925,0.9317674962770084,0.8648565599524364,0.697334659980521,1.0405322812803675
7/01/1925,1.0104125368230454,0.9915315939434145,0.9332760457850611,1.118873267533094
8/01/1925,1.0116478780912717,1.016148200379667,1.025433446985316,1.0519692298108787
9/01/1925,1.0052865780664972,1.0082826072084927,0.9770962922152155,1.039738465116893
10/01/1925,0.976478181255817,0.9715385938707496,0.9398730892855147,0.9599733921058146
11/01/1925,1.0711419843639909,0.8782606088228735,0.5392348756335479,1.6363559309600129
12/01/1925,1.0939689519368774,1.0407035500098107,1.008067044054358,1.6458785296237788
1/01/1926,1.1007034538106675,1.2690624339877021,0.9171162223419494,1.16679521053006
2/01/1926,0.9999194499100865,1.0390303868466497,1.3641438497815543,2.0868994975379893
3/01/1926,1.074464371580716,1.1006105913451418,1.0928452859362483,3.667890255432889
4/01/1926,0.8789132621061406,0.7979621794096553,1.2004570329682944,1.2016641561068386
5/01/1926,0.9704177471498221,0.8398793840341957,1.0087990795724295,1.309292101479496
6/01/1926,0.9841162200300811,0.9720644458459478,1.0265635425366924,1.2154023200494253
7/01/1926,1.0012672601104229,1.0062667696141532,1.0528395495101979,1.1304280786597714
8/01/1926,1.0036819216197386,1.0093701674125555,1.0337633463639817,1.0669594443673407
9/01/1926,1.0028350968027984,1.0067073530519077,1.0202234007913127,1.017102738600138
10/01/1926,0.9231285141189712,0.7802068374881597,0.7165913034205986,0.9318313792168933
11/01/1926,1.120646255819967,1.0164288672571982,0.5571055782304802,1.4378032962236318
12/01/1926,1.100600551303852,1.0562711500586677,0.9376188366009359,1.7712305290329364
1/01/1927,1.083634184410277,1.126999911832708,0.7716452131719523,1.4859662230881863
2/01/1927,1.2750742068932595,1.1417951518178437,1.1047546041022487,5.5129917240627915
3/01/1927,1.4808729513280656,1.1514922080593413,0.5832666380100722,4.033858264490475
4/01/1927,1.1628415796554956,0.862328656758838,0.8443382104416313,1.4901515420386873
5/01/1927,1.0037239796253177,0.8989195185620679,0.858695138865959,1.0319070722356753
6/01/1927,0.9011106325789671,0.8519137378916043,0.87074325984593,0.9184839761721427
7/01/1927,1.0118499709039208,1.0073200057233822,0.9729681414474487,1.0331505056679646
8/01/1927,1.021962356905841,1.0375550261522304,1.0215699608546474,1.0353859933704492
9/01/1927,1.0099538032186866,1.0182725355217146,1.0183178998151452,1.014855963783345
10/01/1927,0.958799783243366,0.8392043768741136,0.652975233629338,0.9119422990341063
11/01/1927,1.0148130532112722,0.846050281445613,0.48441061324530205,1.3827869836616398
12/01/1927,1.1146316443155515,1.0888209689401,1.0778132613468954,1.662799713903434
1/01/1928,0.9758526438698647,1.007345244917023,0.8785129611875035,1.24243435650522
2/01/1928,1.0301595915986554,1.091732474078549,1.3315636325790619,1.6485172853529284
3/01/1928,1.0615759292259896,1.0904497426007398,0.9912854725807253,1.741715623318554
4/01/1928,1.0259644496671119,0.955576427325867,0.9452930505397573,2.695220653559768
5/01/1928,1.0074040397961488,0.9478151544126893,0.8255998663159888,1.3751492396018992
6/01/1928,0.9963801829426082,0.9621013701723243,0.8991525558850078,1.2129762931122254
7/01/1928,1.0043273204721679,0.9985606794585415,0.9775015679979573,1.11590576284423
8/01/1928,1.0049608461725865,1.0072501395407891,1.0025974638003061,1.0541720549947378
9/01/1928,1.0035109584128719,1.0082108980357605,1.0072081384951077,1.0188086221356472
10/01/1928,0.9676841241535943,0.9638888627732685,0.9295637172011688,0.9569621334643225
11/01/1928,1.0130675496308121,0.8457513510691815,0.6347957709499306,1.4491720928682559
12/01/1928,1.1309245898122076,1.1141811127068113,1.1356490214703652,1.7307418813032807
1/01/1929,0.9604005862249017,1.0730857918104373,0.8310988211579535,1.35614180367942
2/01/1929,1.0097602325230763,1.072698965523907,1.3516714037901256,1.7543209300688438
3/01/1929,1.0764315113395984,1.0495045728377028,0.946534464560707,1.3727312214972651
4/01/1929,0.9987791526947137,0.8996650842357432,0.8409539013158622,1.2148550022126947
5/01/1929,1.007630108149063,0.9757097801521117,0.9314916222634421,1.28531048958318
6/01/1929,0.986483358833957,0.9934590529121425,0.8738840907800176,0.7523147071159715
7/01/1929,1.0049863137912765,1.0049863137912765,1.000188461512226,1.065980829737808
8/01/1929,1.0044718638887313,1.0059026232097865,1.0002147402433403,1.0263299322833852
9/01/1929,1.0021839736437237,1.0040765849137772,1.00202548541267,1.0195241348453012
10/01/1929,0.961424231825256,0.9507772064854818,0.9132214899012999,0.9719353241855775
11/01/1929,1.002217977010485,1.0011235679998622,0.9967831204139376,1.0129015424519876
12/01/1929,1.16994864538521,1.315438376891904,1.3522473778186705,1.475984700005842
1/01/1930,1.0954691383480897,1.2668823377813616,0.8897083525847584,1.2023767063373785
2/01/1930,1.0420812094516851,1.1361678945307196,1.279904107647003,1.8529399027341509
3/01/1930,1.093116786719083,1.2654053107022576,1.0325963780725471,3.1062431751191832
4/01/1930,1.0390942944367902,1.0740107130149283,1.0737431731849514,1.42275977724945
5/01/1930,1.0396990333911205,1.0529370010150694,0.9304454421867968,1.3100457147104645
6/01/1930,1.0446509972001428,1.0876920931477319,0.9919165941583107,1.2253434418819278
7/01/1930,1.0321092146356858,1.0776999016205435,1.0323154876134883,1.136566368257629
8/01/1930,1.0157467844372743,1.040447026987827,1.0288421385878552,1.0618603226309642
9/01/1930,1.0055957535974662,1.0176325517871818,1.002016245721071,1.0301831972540358
10/01/1930,0.9616485957323183,0.9569059001597012,0.8786608867660436,0.9444244852845587
11/01/1930,1.061707438983192,0.8808980421887349,0.5384169073041086,1.5445275091310906
12/01/1930,1.0185305223508037,0.9615720814738964,0.9583914417351332,1.5225086027534633
1/01/1931,1.110693103241866,1.1807785983564931,0.8078473976946801,1.266075169195313
2/01/1931,1.014915684863711,1.0539610633389156,1.286160405341137,2.148689406160633
3/01/1931,1.166266535637511,1.1741283800304911,0.9924202412016528,1.297548049863196
4/01/1931,1.0347921506834394,1.0232436075043094,0.9378099505973132,1.2576209129435778
5/01/1931,1.0123154634814127,0.910322584439229,1.010208116251532,1.0766888455300236
6/01/1931,0.8404146414962258,0.8345304003482498,1.1233322475042216,0.7600567723157537
7/01/1931,1.004232819993229,1.0056618430645632,1.0003925663663307,1.0260637096704885
8/01/1931,1.0044707376059332,1.00450641659394,1.0012316379198412,1.019808776467439
9/01/1931,1.0022117893792102,1.0026057934739518,1.0015864404356407,1.0164690667578207
10/01/1931,0.9421566769060705,0.9303967138023642,0.7516038396940447,0.9092568058688361
11/01/1931,1.033203869142355,0.8273176841424951,0.5003653271933827,1.4096655729707308
12/01/1931,1.070723744477567,1.2272181466251353,1.232185039599202,1.5030386353108285
1/01/1932,0.9724114260178162,1.038013348789133,0.7773398260805896,1.7990114284986425
2/01/1932,1.0753960083393437,1.272101425847935,1.1889329751734954,6.739430926891228
3/01/1932,1.123927124998816,1.1752047053802386,0.9929117133904533,2.9187388986412297
4/01/1932,0.9997534983977164,0.9638165564003891,0.8901815567732253,1.2352062950700573
5/01/1932,0.9716593228615109,0.9126094870705831,0.8590515905873098,1.11124093515639
6/01/1932,1.0041352818757197,1.009237420669076,0.9336799232269201,1.1402147553140136
7/01/1932,1.0080777610116751,1.0218337730624019,0.9812739679677981,1.0867257165210205
8/01/1932,1.0039194249174213,1.008060279820696,1.003042707777277,1.0295645893862326
9/01/1932,1.0019568848640874,1.005990505214105,1.0021448721493047,1.0112098816751034
10/01/1932,1.001543980245835,1.0046162575647977,1.0038885536802709,1.010939132538394
11/01/1932,0.9840478467237497,0.9432412681984191,0.814634076655665,1.240891174348451
12/01/1932,1.1411672831539363,1.1077299007551789,1.105575289351769,1.7234512585594197
1/01/1933,1.1143043012091678,1.2402312659501604,0.8307764777085089,1.3037415077123415
2/01/1933,1.0409222800268112,1.0310155176353542,1.0865519001187698,1.945013033786916
3/01/1933,1.094718761138784,1.074656541642381,1.0282534836901918,1.3107024229482274
4/01/1933,1.0513915820867838,1.0390173906269615,0.9283055752756088,1.3097285834339802
5/01/1933,0.9946354590128869,0.8756563001413109,0.8149441435157633,0.9995252818056264
6/01/1933,1.0074920132242544,1.0029983418937207,0.9894049898021363,1.066551517819949
7/01/1933,1.0036274047314904,1.0044903322238679,0.9957787908465291,1.0248255430172484
8/01/1933,1.0055092438349034,1.0046776842221536,1.0015370130550731,1.0226589783282352
9/01/1933,1.0011078236040074,1.0047470483896526,0.9877031865332687,1.0136288918994383
10/01/1933,0.9689824451850144,0.8817253732646977,0.9103460954720168,0.9138008094338281
11/01/1933,1.0001987473825638,0.9983123249614861,0.9919514820689928,1.0078070087924704
12/01/1933,1.115769675692578,1.2372290827864143,1.279733873794686,1.5418597307210506
1/01/1934,0.9877601387810059,1.108079705703363,0.9736714846469735,1.2369680814865422
2/01/1934,1.1318096139457046,1.25728140291174,1.26432637230822,2.4485866370255067
3/01/1934,1.1539650313115932,1.1458736641896732,1.1378102265382921,2.9965495770301644
4/01/1934,1.0648300215975577,1.0888645059112096,1.1059712946017184,1.580056986327773
5/01/1934,1.0096597998399175,0.9974354380400238,0.9484952364413223,1.3135974979363447
6/01/1934,0.968505480379703,0.9688836168343691,0.9047533991662452,1.1036057437240636
7/01/1934,1.0046120141406951,1.0116676642968243,1.0146936209249393,1.0948797532396604
8/01/1934,1.00375460118568,1.009301220733224,1.0110723871094534,1.0334047205971875
9/01/1934,0.9979758388155558,1.005780429052549,1.006690557400261,1.0207565696135579
10/01/1934,0.9127047397131892,0.846995034214915,0.7052775222312992,0.8577606270001706
11/01/1934,1.0162570119602818,0.8187830649243958,0.4069891462017613,1.5562044001905881
12/01/1934,1.115796803880086,1.096870019634784,0.9894967626578333,1.5897460036841944
1/01/1935,1.071594896170795,1.2533776259264087,0.8893772797249868,1.2261054789955437
2/01/1935,1.0245894337596284,1.005988698286525,1.0145230628843325,2.5142163000401214
3/01/1935,1.0365835856360948,1.0860756816717596,0.9732006664621429,3.852796144728901
4/01/1935,0.9022143544466084,0.8530854558038061,1.0276012341353635,2.46019202212498
5/01/1935,0.9758571852701283,0.9226408317738323,0.7108316128839124,1.57601119218172
6/01/1935,0.9744986198563754,0.9529220035775975,0.8235288893375826,1.1894497854438166
7/01/1935,0.9890401168414329,0.9872571588372845,0.9188909017001147,1.1241230562940558
8/01/1935,1.0026674482888054,1.010014498224803,0.9759918533420536,1.0694575463781077
9/01/1935,1.0006005644282325,1.0084436088755444,1.0005200798395788,1.0382442905723532
10/01/1935,0.9541772433648277,0.8898647395772031,0.7601411370652487,0.9212361867258682
11/01/1935,1.0277871410589838,0.8579496614030666,0.639078643299753,1.3759717539198766
12/01/1935,1.0658084341218248,1.0164952886488534,0.92506170406295,1.822267530200274
1/01/1936,1.0869442210509448,1.251331249370391,0.8825932790663695,1.2507218538916631
2/01/1936,0.9893005034283573,1.1308297136074366,1.5958940948534706,3.139698590329548
3/01/1936,1.112785745746198,1.434626110507729,1.8733438511638318,7.979779182765994
4/01/1936,1.0252827442788341,0.9867044402788088,1.0921800164388815,1.3840699115702566
5/01/1936,1.0096030514324676,0.9255007792047151,1.1002263787800541,1.1861408489470755
6/01/1936,0.9040972212048922,0.8936206258237549,0.8099004180729447,0.9265785251718647
7/01/1936,1.0097827110383624,1.0369777197982821,1.0584784829579748,1.1014121169377644
8/01/1936,1.0097110064957997,1.0306914417964816,1.046079953463351,1.0712607465307644
9/01/1936,1.0049910131129052,1.0129419064821343,1.0371714446918692,1.0327028569614696
10/01/1936,0.9952865656417134,0.9897931084327544,0.9769595198871696,1.0194896727617133
11/01/1936,0.9800192928137423,0.9738587113493246,0.9664540924860148,1.0659232616329268
12/01/1936,1.1514857303792019,1.1323344086503453,1.2032673729502539,1.9997364819614647
1/01/1937,1.1316883817169845,1.2323036166386399,0.8212830310656589,1.3130653543044888
2/01/1937,1.0057784012366335,1.098708841212398,1.3689810381327054,2.3673205496270993
3/01/1937,1.202455133629839,1.5772757475100776,1.3526327783488368,5.033388150609311
4/01/1937,1.4210230364904404,2.0884573139386386,1.552596221520825,5.156771078895334
5/01/1937,1.0273716595071474,1.0425048366967256,0.9679373606837436,1.2010022118353663
6/01/1937,0.9513335575663039,0.9527224122791459,0.8860423142854,0.9951387484311105
7/01/1937,1.028785726006087,1.0525524913471527,1.0170744664436855,1.082200946442456
8/01/1937,1.0329183931168935,1.0637051169839775,1.0480297348994712,1.0687691682655314
9/01/1937,1.0178803831316343,1.037909322261364,1.0275506325529444,1.0351724776972833
10/01/1937,0.8978608414858844,0.8699802169985864,0.7888724591128272,0.9030813423674271
11/01/1937,1.0536474047440725,0.8587569520158939,0.48009707354748593,1.4570656350994287
12/01/1937,1.1754450658060964,1.1869320441333853,1.134299061143399,1.5446819016980602
1/01/1938,1.100284037953506,1.1536313290109945,0.8549095618216398,1.263545803411402
2/01/1938,1.1886970404940909,1.2779375643380366,1.3756791271999746,4.168274335124433
3/01/1938,1.1463577436741055,1.1699220767962348,1.1144189982869213,1.926901238281485
4/01/1938,1.0457961703835232,0.9696904194540675,0.9811817243981248,1.226340321844823
5/01/1938,0.96625500256953,0.8582822838070377,0.8680845653845576,0.9503407951560789
6/01/1938,0.9868575957646946,0.9611000220405427,0.9519003011146676,0.9874169513272701
7/01/1938,1.0013649551402661,1.0126709291794538,1.0353418438167077,1.0150561741050002
8/01/1938,1.0187209206434622,1.0434303762561914,1.0678470530745088,1.029885204040253
9/01/1938,1.0054086008747316,1.008414538651464,1.021013340743295,1.298076835990293
10/01/1938,0.9559533927051216,0.8805934128795081,0.6413001366022811,0.975265094738935
11/01/1938,1.0133003781811551,0.8601624367971102,0.6393873282972785,1.4964030761468865
12/01/1938,1.0954524310453018,1.0008111382217029,0.8747920337972113,1.8759185031599552
1/01/1939,0.9658387227965368,1.0088524133102268,0.833677639526217,1.3928915419453871
2/01/1939,0.9809734417540354,0.9385982088409115,0.9856120702126642,2.941284379147621
3/01/1939,1.0771568011221264,1.0536680602365032,0.9151176077270129,1.486898442695217
4/01/1939,1.0493773303596263,0.9581142216360331,0.898635731626085,1.3019287396399635
5/01/1939,0.9940617940266964,0.8927166052668435,0.8475717615398267,0.9987470821160069
6/01/1939,0.9985699617016541,0.998012878747546,0.9858756063483557,1.0363075121136314
7/01/1939,1.0002773391382014,0.9989080308935301,0.9941224037518465,1.0248721160666847
8/01/1939,1.0017392701228183,1.0035732049443826,0.9966845767419839,1.0211136970558452
9/01/1939,0.9775495673756333,0.9763771221393956,0.9687039489115934,1.553132924581354
10/01/1939,0.9013131692168488,0.8273831357839597,0.6361554181391805,0.9447206568576404
11/01/1939,0.9832362984613302,0.9537560905626923,0.9156311915663388,1.1484967261400758
12/01/1939,1.0508156789216496,1.0010768409716415,0.9264015474961722,2.0534478801060487
1/01/1940,1.0526223549056446,1.2228080093811369,0.9139300032866506,1.239522127936939
2/01/1940,0.9953634835518957,1.0904364548986747,1.4114171916790923,2.1568322925855496
3/01/1940,1.041242964773546,1.4269339213438372,1.056166724127993,5.588430252885242
4/01/1940,1.1093269608542708,1.8946137406946437,0.986127408652109,4.80609625767934
5/01/1940,0.9976203851336419,0.966465188086436,0.9876351961014769,1.185205581220962
6/01/1940,0.9931472935654938,1.0109897648227057,0.9539852051228983,1.0825936120564839
7/01/1940,1.0130868277564617,1.0554738711171492,1.0483994192215405,1.0817879014938248
8/01/1940,1.0154968809736489,1.0526183375992861,1.0631179797272938,1.0528456799544088
9/01/1940,1.0034092263900005,1.0241309017898097,1.033719349395505,1.0221774677442275
10/01/1940,0.9623483012750552,0.8953941310295813,0.6372188700039096,0.8908411302377293
11/01/1940,1.0689011201797416,0.82645492746055,0.49014545650433355,1.3896064809443514
12/01/1940,1.1163088534894774,1.1838673796090264,1.1999801982889038,1.530757971262729
1/01/1941,1.2911985563650112,1.8034466140293528,0.8878609628638906,3.9012342421139645
2/01/1941,1.2568129725748218,1.5016613860631804,1.209524380874265,3.096323170479926
3/01/1941,1.0571966814133122,1.1156107125574837,1.1989180013102423,1.7554823006691498
4/01/1941,0.9080323681904254,0.8042236923711719,1.0700923344613624,0.9821361110894271
5/01/1941,0.9007274651197499,0.8156714001246819,0.7914110735643235,0.936143804842799
6/01/1941,0.9557599028265399,0.919877831222814,0.8952351824976205,0.9689344282236504
7/01/1941,0.9834449425703625,0.9727557520061975,0.9590681404185054,0.9865096089113092
8/01/1941,1.011709729164676,1.0347688671291124,1.049699725363021,1.0201889968981772
9/01/1941,1.009455265009006,1.028387459396423,1.0233579923808611,1.024108405412841
10/01/1941,0.9486559215026263,0.8509636826659402,0.556189652652154,0.8439319390888129
11/01/1941,1.0372957895915473,0.820415024618585,0.46781897826362473,1.3888614466880755
12/01/1941,1.1025821446450126,1.2372417480129316,1.1634430831093732,1.655573969215908
1/01/1942,1.0897201702595156,1.2772377995704725,0.9318044231187228,1.9242172888359068
2/01/1942,1.4347085579037413,2.0832817406279722,1.3873923027749915,4.635981991277346
3/01/1942,1.3522605885924643,1.580371078115691,0.9872587159836917,3.13377103018837
4/01/1942,0.8595191026966783,0.7830291985768193,0.949795675528716,1.3138721318722708
5/01/1942,0.8645116671087164,0.7191595476407934,0.7488364065065882,0.9249024693441495
6/01/1942,0.9265513401977447,0.8452059591024964,0.8313060493636484,0.9561966232547774
7/01/1942,0.9646279757048531,0.9382082639066999,0.9401597658522546,0.9872681841657804
8/01/1942,1.0051932753519186,1.0164010105645365,1.0368374380409389,1.0214718273940917
9/01/1942,1.0024563190094582,1.0216468830631429,1.039593141827144,1.018376948458575
10/01/1942,0.970053242888283,0.9684763088284302,0.9163592298968258,0.9665683469382783
11/01/1942,1.083507627923074,0.8615372347320662,0.5054890162150794,1.5792613713234591
12/01/1942,1.1508177494288954,1.1458181662880458,1.1013008365568353,1.7306583287139425
1/01/1943,1.0617213498374847,1.2718815419421803,0.8932605623374361,1.2347291950811834
2/01/1943,1.0859579501715273,1.125992341973355,1.0677011149900033,5.86328581286869
3/01/1943,1.2958847222572663,1.394795647791169,0.8539135965955607,6.081080117130298
4/01/1943,1.0904612234212352,1.029730501046357,0.9345771755835539,2.069716746959351
5/01/1943,1.009115261077421,0.956893947255623,0.765335506121046,1.2180037824593295
6/01/1943,1.0074885784181398,0.9882305796418325,0.8349659046984793,1.1023290121613938
7/01/1943,1.0128028887959264,1.0194254103677138,0.9398668552587585,1.0746237420813298
8/01/1943,1.0121890448229443,1.030662248494101,0.9900943748754879,1.0448946282550164
9/01/1943,1.0042372972948923,1.0099853983534892,1.0052026816722193,1.0125095960959591
10/01/1943,0.9537106357428443,0.946764444994471,0.8565322466771766,0.9184295827537613
11/01/1943,1.009726466838737,0.9056476053114156,0.6830282565859471,1.3114606559863713
12/01/1943,1.107954567338624,1.0717136168356811,0.9798283301337866,2.049704037043349
1/01/1944,1.1175047603128763,1.1869625369781436,0.8510990156181788,1.3425408688047495
2/01/1944,1.0067396209474784,1.0448795712501546,1.4129403499955013,1.7629287761747
3/01/1944,1.1258520978843398,1.1637691429812116,1.1451481240944896,4.872342982817636
4/01/1944,1.0167977460919626,0.9357141268456043,1.0042599852169964,1.2838825467730983
5/01/1944,1.0281524094390562,0.8954822085707574,0.8225463005354432,1.273471006677323
6/01/1944,0.9984649756942241,0.970016027886205,0.9332963217348236,1.2270020909559607
7/01/1944,1.0085397851066995,1.0037837418063822,0.999267723898548,1.1288587443252738
8/01/1944,1.0058248738220332,1.0079174196140617,1.0109045697184063,1.043799373299663
9/01/1944,1.002962454686888,1.0045399312820498,1.008780995994483,1.013784040741125
10/01/1944,0.9405443476086917,0.8812747514803342,0.6502494572225774,0.9098997393916706
11/01/1944,1.0686304457885354,0.9029251555861261,0.40483001147940884,1.4651306524757512
12/01/1944,1.1159938138888943,1.093986162143009,0.9872392164558682,1.6669971176030995
1/01/1945,0.9744780867978833,1.0767035016345974,0.8183077611997737,1.2650058864781573
2/01/1945,1.0228659138628164,1.1241314346925382,1.3716608060690665,2.9321191385373533
3/01/1945,1.047848661931935,1.061136792262042,1.0131642810380372,3.2662339947758117
4/01/1945,1.0740715810258687,0.975578212113824,0.8556092581635496,2.705417120842033
5/01/1945,1.018150101282384,0.8755677174389902,0.7667223774749001,1.2089316502435914
6/01/1945,0.9677196522333272,0.9218553697465304,0.78114557748837,1.1369444354742928
7/01/1945,1.017983775266441,1.011760878207722,0.9458346946773967,1.1664700194978213
8/01/1945,1.0158139363419805,1.021870175948729,0.996247554036101,1.0971058692452647
9/01/1945,1.0075203539714237,1.014538012833849,1.007189525207144,1.0354080645889605
10/01/1945,0.9339122675952645,0.8056536805004382,0.6134863515715845,0.8735566960443878
11/01/1945,1.0448123159623537,0.8516344160527882,0.37850343162594025,1.4915606837778528
12/01/1945,1.115003604551971,1.240467341408607,1.2021400091540428,1.5916055300279632
1/01/1946,1.034991127846777,1.2123745992146044,0.8249400323477863,4.287202388693153
2/01/1946,1.054952709763364,1.0388910920964687,0.9965359786973937,6.0693834185035165
3/01/1946,1.0926097140267357,1.064744695177498,0.9210969676178746,3.401950006199671
4/01/1946,1.1014122581761954,0.9683836983594551,0.7794264246808715,2.1994602706879007
5/01/1946,1.0120951822332276,0.9217909763822122,0.7926956425971811,1.3313625846342956
6/01/1946,1.0114679276515244,0.9855868539173925,0.9105305001604618,1.2501130516097083
7/01/1946,1.010609624258261,1.0131640580338304,0.9898871166550024,1.1448963683722666
8/01/1946,1.0060429856264856,1.0085041488363347,0.9987894859987426,1.0504416823428222
9/01/1946,1.004936708080228,1.0046211574293502,0.996595251663583,1.0257823307200302
10/01/1946,0.9420954506285182,0.9346545941909067,0.8360916577455879,0.8793565460015587
11/01/1946,1.0045771007461604,0.8328800526585292,0.5247277391502249,1.4217394871069664
12/01/1946,1.1374009908683018,1.102182206414645,1.1354225373484312,1.6177997883746198
1/01/1947,1.0388650836423468,1.0993536538530513,0.8758032763456373,1.346738944177233
2/01/1947,1.0225722260767431,1.0865933617494161,1.3317204950337693,1.9543508424953713
3/01/1947,1.0328048386297595,1.0642117849458836,1.083433401696657,1.331414780081728
4/01/1947,1.0097363203789456,0.9163981592411462,0.9292206855273628,1.3428919247696025
5/01/1947,0.9977519392017413,0.9695422122549896,0.9261943134297793,1.266516512526752
6/01/1947,0.8969365211866853,0.8797381934367674,0.7622358777508564,0.9506865346177392
7/01/1947,1.0055990569309388,1.006721653335466,1.004182545689128,1.060676346620106
8/01/1947,1.0024453133778584,1.0027711502402994,1.0037529517698414,1.0225825144917482
9/01/1947,1.002568532562561,1.0044578482346576,1.0026036514619412,1.0159255966082066
10/01/1947,0.9691657115710663,0.7471511575625875,0.34363210106793646,0.7076936746667701
11/01/1947,1.0696557302126342,0.7715525075537956,0.4138118350843253,1.2992156403738613
12/01/1947,1.055616362867089,1.013597353456355,0.7432848554215491,1.7502390209675736
1/01/1948,0.9719536759242701,1.1240456458510164,0.6063117399434333,1.388470757530817
2/01/1948,1.003077552983747,0.9384736891333733,0.9881156424879859,2.255572026172329
3/01/1948,1.0191380080333887,1.046878660518169,1.0037241514506248,1.3299822841147855
4/01/1948,0.9079459273635934,0.7752757774475197,0.8086359625666002,0.8954954346005513
5/01/1948,0.9495488272553834,0.7143641292591323,0.8825361033237228,1.0997191563680084
6/01/1948,0.8847921301329645,0.7690375354570124,0.8027946409520135,1.0799280000034845
7/01/1948,0.9812523273835292,0.9414434076125445,0.9392208753971848,1.065658822754989
8/01/1948,0.9948203753822163,0.9854785882099313,0.9848520764802938,1.0243544983208699
9/01/1948,0.9959870252667622,0.9893836319751713,0.9817783955083996,1.041722359706674
10/01/1948,0.9566185540223104,0.9582294610850245,0.8502622839975806,0.9254761027852275
11/01/1948,1.0032800794030508,0.8794244430027703,0.6080852071522889,1.373477983264663
12/01/1948,1.1264484091772908,1.1035358235188593,0.9954510780696719,1.8578474873767812
1/01/1949,0.997253442194227,1.0365558033117621,0.8007271984238725,1.3383906607094995
2/01/1949,1.0088555535197465,0.9663039223703763,1.1164084624044084,2.66938021303573
3/01/1949,1.0590246171335853,1.093085837676202,1.0433341574864132,1.7367176259245651
4/01/1949,1.029193408185949,1.0145224661713088,0.9257989943541796,2.130024400862085
5/01/1949,1.0170309505937487,0.9543898838559735,0.7956380820153591,1.3590292030468567
6/01/1949,1.01027826627431,0.9942035315959588,0.9456897100410508,1.3163761801666278
7/01/1949,1.0043593579447405,1.0014739451358003,0.9891700508692206,1.153290416150656
8/01/1949,1.0047939060653872,1.0084443039513096,1.045912901770322,1.0540476974242194
9/01/1949,1.0025583075179296,1.001540973998737,0.9996591794837996,1.0210650281426479
10/01/1949,1.0021529992930263,1.0014843739910126,0.994116237644069,1.0181687931037697
11/01/1949,1.0339805421141672,0.9009128251741555,0.6847009309955913,1.375633922476367
12/01/1949,1.1219628576420813,1.0062739739188242,0.8735641362961312,2.1677843517721302
1/01/1950,1.1073923563144517,1.2708009649354768,0.730770935223821,1.3214208674980417
2/01/1950,1.171862477166646,1.2972936781838542,1.4795688449615538,1.6448747043840444
3/01/1950,1.1023780460121306,1.1013292401575945,1.02199028199078,1.3025467163966689
4/01/1950,1.0111942661449882,0.9589274738889283,0.9596834986014947,1.181285707018016
5/01/1950,1.024599459089053,1.0079609171006736,0.9029312502482699,1.2748451164607804
6/01/1950,1.0186127197281543,1.0177165533128973,0.9736815608826572,1.1676117321293997
7/01/1950,1.0056886545861226,1.0058695694693434,0.9947096029740601,1.0661210594474313
8/01/1950,1.0047867271222994,1.0063102685149934,0.9959933770362347,1.0250566943641162
9/01/1950,1.0029874807890986,1.0036540493746708,0.9939561869608299,1.0227541528507786
10/01/1950,0.9646207411345653,0.6789615643333244,0.49121870172817605,0.644315251085571
11/01/1950,1.0131258585070024,0.8410840288943152,0.5395323129860434,1.256208960122243
12/01/1950,1.1531345045185628,1.24975181401052,1.1892316598363688,1.9679253248808055
1/01/1951,1.3622644727363455,1.3485936949151491,0.6828072459509479,4.261218773741383
2/01/1951,1.507196581723578,1.378000544961972,0.544993318323871,5.0236378968067
3/01/1951,1.4119801354710007,1.2644174215544235,0.5439261204389528,4.386887671771383
4/01/1951,1.0387147670487942,0.9675699707100378,0.8433816235820091,1.2053033249954936
5/01/1951,1.0185987565909018,0.8569763341048435,0.8536354522090233,1.0836650664619114
6/01/1951,1.0201303499572063,0.9897499476006975,0.9065246781242615,1.0949652464207031
7/01/1951,1.013908955236467,1.0131280166509646,0.9822777097209968,1.0635257199455233
8/01/1951,1.0072914071418688,1.0139331523459325,1.0068930947696837,1.028763936268779
9/01/1951,0.99916524194577,1.0061294941107113,1.0029445168629834,1.0063663045035152
10/01/1951,0.9768472873969523,0.7868104936024656,0.6689309882554811,0.8747090548926085
11/01/1951,1.0260925185446763,0.814520706690077,0.4054741596798671,1.4956433525310293
12/01/1951,1.1296126627029623,1.2350311163300862,1.1676531455004462,1.598846277108834
1/01/1952,1.315528832027766,1.5529040903641684,0.7375757446956592,2.6084165340973047
2/01/1952,1.2877701845788152,1.4107462151422672,0.5798629129913018,2.85527386661392
3/01/1952,1.0653773641820004,1.1326225983482638,0.822610895649745,1.8202427629056162
4/01/1952,1.0120028650338384,1.005471981178086,0.7919476151008009,1.3005386181194167
5/01/1952,0.9804486152352266,0.9378132376880521,0.8450654760708927,0.9990359844629485
6/01/1952,0.9713937139261658,0.9457280851025235,0.9122965375719407,0.9633840558177007
7/01/1952,1.0055512832110607,1.0233442243288153,0.9895294975301994,1.0120997606330127
8/01/1952,1.0156297933006033,1.0329404353765876,1.0272567697725183,1.0253526999397073
9/01/1952,1.005430327345806,1.0149737159930468,1.0095729388705608,1.009792482252745
10/01/1952,1.0041643577528512,1.007584007393963,1.0093404350805901,1.005125932160383
11/01/1952,1.0873240357327523,0.9015986577333939,0.6180137817668543,1.3978810939463475
12/01/1952,1.113644447632447,1.2187382148345705,1.109433309318565,1.6738973213791803
1/01/1953,1.0886241623120465,1.1638219375236196,0.79156210524431,1.4147651359062907
2/01/1953,1.0596839905622029,1.0986344075044145,0.9492826449447991,1.6432467877538657
3/01/1953,1.105613738365947,1.0939944133903743,0.9323308009518316,1.3055662507866097
4/01/1953,1.0461308256778012,0.9036984967412282,0.9787077878386264,1.1283980882548914
5/01/1953,1.0474155434355308,0.943376700589528,0.7121174053043552,1.2104025756502996
6/01/1953,0.9167064591817835,0.8654781601439958,0.8082838717734794,1.029744899086817
7/01/1953,1.0113799625042086,1.002527297044843,0.9730176505883308,1.0888816234326486
8/01/1953,1.001191558169377,1.0022436168486293,1.0725373630019586,2.153456974723044
9/01/1953,1.004018128579303,1.0053092508781067,0.9955628095255599,1.0216397227334093
10/01/1953,0.9437147347333402,0.9279160754600108,0.7884419113002757,0.9309164906125239
11/01/1953,1.0159799049145468,0.8606106534158791,0.5127078704271145,1.7590837828371229
12/01/1953,1.084456526476864,1.0622000019013071,0.8422587573688337,1.797821968414143
1/01/1954,1.0996410444381521,1.1635254182603154,0.7722806596796139,1.2929755274913444
2/01/1954,1.1599667929268735,1.2537685746736833,1.4148635509886014,1.7256313922131585
3/01/1954,1.03775857443884,1.078226251440614,1.0353812777196076,1.3566988287389923
4/01/1954,1.002134596207299,0.9243748566953068,0.9662485392875914,1.2806438865760406
5/01/1954,1.0235815291671715,0.9786576822253422,0.8207028873730814,1.4026104954775642
6/01/1954,1.0098940013573405,0.9855672336704484,0.9089927219295993,1.2113060581063912
7/01/1954,1.0075362604823153,1.0029995268714522,0.9788755041586656,1.1024496140473645
8/01/1954,1.0013717079348061,1.0028097952393968,1.0628212260604022,1.2275364576278962
9/01/1954,1.0036407615716452,1.0066180554062725,0.9989547347508942,1.0168524459556443
10/01/1954,0.9884831467132625,0.9888068966260688,0.9688842088005842,0.987216325656474
11/01/1954,1.033741211568519,0.8378987752187446,0.5936873724673504,1.5340212552374894
12/01/1954,1.1409316525812356,1.2149010422769566,1.1789634636845603,1.5776512093458197
1/01/1955,1.1031691697081676,1.169090492189986,0.88754844638552,1.3245101407568642
2/01/1955,1.0301166173012553,0.9994120987868913,1.1368784967739907,1.9970574315756968
3/01/1955,1.1500968420743445,1.084812870210305,0.9270325625679372,1.8734908287166578
4/01/1955,1.0332892824456619,0.9265047226788065,0.8701536696796842,1.1943141972269915
5/01/1955,1.0027738169238374,0.8928494215368264,0.8390952691156243,1.2106386022313833
6/01/1955,1.024949761622148,1.0014419497814404,0.9437131477868541,1.2231606887944741
7/01/1955,1.0106173962132547,1.0020511907599154,0.9860459416800789,1.0852645897482802
8/01/1955,1.0049694325092255,1.0065856581412949,0.9955960338519644,1.0268854689468585
9/01/1955,1.0003377972573815,0.9993751653217602,0.9522934259498962,1.044092338431365
10/01/1955,1.0024745620582436,0.9925296534913293,0.8488500696151895,0.9549214873155998
11/01/1955,1.0687279154761598,0.8573336608527427,0.3963387039790272,1.5515166114311991
12/01/1955,1.1512680446675303,1.1580117214175687,1.1780949860398846,1.6689344224300897
1/01/1956,1.3637377020764194,1.6686177617981812,0.860562193881172,3.0788606143153414
2/01/1956,1.1694882237252389,1.3160136220168484,0.8859456327893641,1.8813090624916622
3/01/1956,1.0864459257108499,1.1462015227939952,0.9898668646797378,2.200302492533893
4/01/1956,0.9910644893464239,0.8976667108610399,0.9491026487898995,1.0394335518575286
5/01/1956,0.9022855716205541,0.7957535373015838,0.8509585703454128,1.0142701058289176
6/01/1956,0.9621389612336921,0.9208563381330902,0.9008394555481766,0.9941110800106491
7/01/1956,0.98727353380847,0.977207670665161,0.984214006766035,1.013830662252282
8/01/1956,1.0027932745063894,1.0068019169848386,1.0149461957407186,1.0154652402369755
9/01/1956,1.0159799488197125,1.0439435609151508,1.0541944085955388,1.1812164757429382
10/01/1956,0.9432018027493522,0.8167281085604468,0.5719516933707636,0.7626238737669656
11/01/1956,0.9945003897479123,0.987354756287494,0.9303081883490849,1.1513137173386871
12/01/1956,1.0463097829433456,0.9925440312460991,0.9556481522768941,1.3230460125143058
1/01/1957,1.0488336039248176,1.0642088757786319,0.7291102237833134,1.3093775375240047
2/01/1957,1.1300039938665078,1.2509954773767031,1.2563917594634415,2.153415597748241
3/01/1957,1.0989932176512787,1.08915131480957,1.0071838393204162,1.2720144912893516
4/01/1957,0.9777893856189135,0.8726176172899095,0.9084698490559512,1.1106232330724903
5/01/1957,0.9699374222064073,0.71654646329232,0.7827997322391409,1.0005295142781119
6/01/1957,1.0039289291917513,0.9587705024720719,0.9467426577631247,1.1695018881395125
7/01/1957,1.0027535633300346,0.9918745074327964,0.9885437104966097,1.0538010974309906
8/01/1957,1.0013468075873628,0.9966665266328465,0.9964828243988428,1.021062003826916
9/01/1957,0.9773661889445882,1.0097123902912828,0.9585124519302254,1.5153046803477037
10/01/1957,0.9196165344999777,0.8038693457766276,0.5091954254092665,1.0041146561393128
11/01/1957,0.9665967214917196,0.8414568453468803,0.5813916517915448,1.424247984320625
12/01/1957,1.1355710313647347,1.0950803963237192,0.9622615950942519,1.6641028578359742
1/01/1958,1.0971513125520798,1.2702137690566988,0.9229948414482845,1.252508091124957
2/01/1958,0.9994036807630353,1.1312007011375869,1.4598725791008,5.135425837507304
3/01/1958,1.18372414498625,1.6945204089155346,1.5535872516714426,6.406808378604264
4/01/1958,0.9501022604250415,0.9874062973200257,1.3405966533131861,1.3346011786772725
5/01/1958,0.977158205642279,0.8871004271306393,0.9294794954279307,1.0155163496700197
6/01/1958,0.9130206756523397,0.8815852264769448,0.8257147953405913,0.883265656604792
7/01/1958,0.9918040300887854,0.9905308634999811,0.9812057427651371,0.997476909147096
8/01/1958,1.025383827160449,1.0466794545309397,1.1002556972643633,1.0247052589190815
9/01/1958,1.019678871774335,1.043123034451947,1.0312100080652387,1.038628881063367
10/01/1958,0.9743807515972791,0.974693726406251,0.9263033753040937,0.9681572315613108
11/01/1958,1.0043017392576257,0.9977079799276116,0.9475116377349024,1.0556050589872343
12/01/1958,1.0751527821218316,1.0665094885489064,1.0233811833351585,1.6224163273577419
1/01/1959,1.1164201146146682,1.3219042999620718,0.8992737859161907,1.3428570775057649
2/01/1959,1.020192353997364,1.1326370141007747,1.3721219460262182,1.7808387346254235
3/01/1959,1.150308566017993,1.1848297667837113,1.0886162382919318,1.488733865882875
4/01/1959,1.0321951862906296,1.0124689690230033,1.01832432058917,1.2871097459366176
5/01/1959,1.0136256635204222,1.0494417340187774,0.9927355382677662,1.2649869203186594
6/01/1959,1.0058030063374719,1.020130377415657,1.0055531799034723,1.1106101249043212
7/01/1959,1.0045411352041924,1.0130174205245326,1.0096511082885948,1.0455954840893302
8/01/1959,1.004463288162582,1.012411650347593,1.0065777889938934,1.0254323748085679
9/01/1959,1.0350074381137546,1.3624854795107062,1.2470272387208179,1.4536405632858307
10/01/1959,1.00717876921158,1.0270453202792535,1.0119722709312295,1.0537485609080612
11/01/1959,1.0031998467624517,1.0245532450141055,1.010407779253302,1.0434945308964594
12/01/1959,1.1218338768909282,1.0937890734022435,1.2315775157804791,1.6611605041363458
1/01/1960,1.1094118919889246,1.2524673985209263,0.8286666205793136,1.3475940709356413
2/01/1960,1.144889272398772,1.2469588012975297,1.3835566747644272,2.0370170957865668
3/01/1960,1.0841980615719922,1.0967724242906582,1.0443234880690944,1.3433780328345757
4/01/1960,1.0025185186778236,0.9371501435534649,0.8928831026991448,1.1897352295637253
5/01/1960,1.0155805917827836,0.9056403342581337,0.8772889592323466,1.2031376955929671
6/01/1960,1.01861310469235,1.0270380871573317,0.9925775920502543,1.1971102349355205
7/01/1960,1.008450245408949,1.014281303819705,1.0070587541452654,1.0841340300854534
8/01/1960,1.0076627197793946,1.0117666445146982,1.005850594646587,1.0338069886333952
9/01/1960,0.9972697515058877,1.0048703068344234,0.9985828267858986,1.0216414792552795
10/01/1960,0.9816494099016816,0.9766698704896645,0.9463849853552299,0.9800814058199883
11/01/1960,1.1002809417374182,0.9255461928648332,0.5300618118449973,1.4447796753119304
12/01/1960,1.1098938560282723,1.0567047844363033,0.953669722950668,1.6519874814347524
1/01/1961,1.0711541161972524,1.1061346535199508,0.8139080944587711,1.3414015981958416
2/01/1961,1.060462597582369,1.112416241384073,1.1516795759573975,2.204206808385347
3/01/1961,1.087759141370891,1.0823858811133544,0.9507527845384464,1.5154043181902876
4/01/1961,1.046820455225126,0.9721527811659028,0.8304841940890683,1.4984742353132996
5/01/1961,1.0304901578511858,0.9362949911397779,0.7358340601318488,1.34369364327906
6/01/1961,1.021456476817162,0.985497853111096,0.9148163968463356,1.2644560437838646
7/01/1961,1.0165670836392862,1.001704373097033,0.9745991450043662,1.1620337830515786
8/01/1961,1.0107605203895482,1.005835734463882,0.9952367291178725,1.0771694315602403
9/01/1961,1.0033169777231836,1.0026340836237408,0.9883538390080152,1.0341885850244403
10/01/1961,0.9703175537019083,0.9604948159689846,0.9094533932957174,0.9439966833619284
11/01/1961,1.0506192389586524,0.8407505587826595,0.5189645119733644,1.4733571072150442
12/01/1961,1.1215529707675362,1.0361351040397055,0.9164567963055817,1.7398103968242304
1/01/1962,0.9665738084752176,1.0384759422722474,0.8095503900663285,1.323409580894605
2/01/1962,0.9964544296116625,1.0800873590842266,1.4610357277360106,2.374367143125957
3/01/1962,1.1232288626194946,1.1157094310155447,1.154322522722235,7.481453583048916
4/01/1962,1.0312039268839577,0.9766417202187935,1.0171274684613427,1.5319209116318468
5/01/1962,0.9906179783896057,0.9624755303495162,0.972298218499182,1.2402075804575263
6/01/1962,1.0010120716100364,0.987826727141863,1.0125464448430705,1.1926998416443897
7/01/1962,1.0087436290103986,1.016433183395387,1.047529135475894,1.11459239669649
8/01/1962,1.0066825328943287,1.011961052165166,1.070906084013587,1.0516528089827737
9/01/1962,0.9997973947841905,1.0049765712021081,1.0099097900262417,1.0122266082844558
10/01/1962,0.9091988596217874,0.6043588524718809,0.8589873738907176,0.8254059722908275
11/01/1962,0.9868456857359361,0.879613598441939,0.733758755089096,1.1775472318422717
12/01/1962,1.1186101372018722,1.0825646044185777,1.1489656495686542,1.6112351451043296
1/01/1963,1.0839535764125592,1.1445676421742752,0.9561008278707479,1.0917358379116018
2/01/1963,1.0704846929413487,1.107788072034058,1.2864315448554784,2.7018191758069117
3/01/1963,1.0369530308418602,1.0446358888767546,0.9527217389076991,1.7593969323445706
4/01/1963,0.8477083201369642,0.6766483494214018,0.8147551729341004,2.064073261896002
5/01/1963,0.929408751692363,0.7693386911544637,0.7825303466642901,1.1534422351893996
6/01/1963,0.9413793606119312,0.8522822306738538,0.8030271586957696,0.9975184869909504
7/01/1963,0.9639853717581562,0.9161731924370127,0.9023356643799656,1.0119986443091826
8/01/1963,0.9983027140952407,1.0002290834124268,1.0059020840461554,1.0277963930570442
9/01/1963,1.0048160561904473,1.01195702215821,1.0069895060852272,1.0282178628449123
10/01/1963,0.933462305566581,0.810014096855284,0.7423576023560366,0.8268160952224305
11/01/1963,1.036816103530841,0.8864113524080177,0.45504877344874983,1.3486387965728672
12/01/1963,1.118562181407704,1.0314605912321784,0.774931461370279,1.7544873545064883
1/01/1964,1.1066454812690598,1.2866352004337662,0.8890611224767463,1.2024827032926266
2/01/1964,1.097105009082978,1.0633073675653582,0.8027188456986986,1.7849136178634744
3/01/1964,1.1139406727538521,1.0915958384588547,0.854342675087239,1.3598466752860094
4/01/1964,1.08379652598352,0.9096126142394463,0.7956803338671647,1.2282976268706782
5/01/1964,1.0248798213078967,0.9184361422473492,0.7180383408190602,1.08304417929336
6/01/1964,0.9755412545956379,0.9478369023983932,0.890513646147578,1.0404848003979816
7/01/1964,1.0078938482241,1.0025596183704146,0.975745275728788,1.032343113762469
8/01/1964,1.0060321161650927,1.001765912218058,0.9999230020559817,1.016474948110187
9/01/1964,1.002256266545488,1.0014798527795623,0.9870401628107035,1.0114477608702572
10/01/1964,0.9643902368352734,0.8801340224641933,0.6642044432392256,0.8519566802980505
11/01/1964,0.9908772516753159,0.8090395022901123,0.3852656328415691,1.467186165115075
12/01/1964,1.1429941330342708,1.2640738281808217,1.1762120965638807,1.5730257881558107
1/01/1965,1.1433497211720196,1.2771677761054285,0.8819621409089474,2.2089085982202277
2/01/1965,1.1997842364118811,1.2729062008870016,0.9218890849914837,4.451291331701807
3/01/1965,1.1894508179832992,1.1704043882604813,0.8622045726137099,1.4976487664284654
4/01/1965,1.0832985491708993,0.9002864148154878,0.7985318855667198,1.1215312653466798
5/01/1965,1.088004076359804,0.9815419574429701,0.6983447559189051,1.280678812904431
6/01/1965,1.035512722690638,0.9848960179025478,0.8438556479174468,1.160670724947971
7/01/1965,1.0166560738418804,0.9984794959254012,0.9354172180494997,1.0722574079543388
8/01/1965,1.0075306306596343,1.0546151845396177,1.2439776533537017,216.33917040240541
9/01/1965,1.0028362699832467,1.0044028021679412,1.0031597134484331,1.3726598741677125
10/01/1965,0.9873010531794942,0.9858987685947465,0.9697203535257297,1.1639379779612262
11/01/1965,1.1287047063277227,0.9173026309650154,0.4965626637855323,1.702202167270508
12/01/1965,1.1407215949251657,1.11747556518977,1.1418452155375691,1.5788374092447162
1/01/1966,1.0341641158605381,1.0832741719515626,0.855731223032293,1.3641888597241232
2/01/1966,1.0237148551353008,1.0511107872520458,1.1332313966539755,2.8733669823131427
3/01/1966,1.153502124530337,1.0380745430448306,0.8373163136642239,3.3811239076232606
4/01/1966,1.0202517257102615,0.9140690164198103,0.9483389038932462,1.361535393551701
5/01/1966,1.0236563187090635,0.9581049456754419,0.8676870745965192,1.4520920191264062
6/01/1966,1.012596081682726,0.9894776951143098,0.9662934096822278,1.2555421292803504
7/01/1966,1.0059667582813172,1.0063847438338238,1.0058397765885807,1.1093382604390774
8/01/1966,1.0037770583940495,1.001356923964344,0.9925026973158925,1.0363763629246363
9/01/1966,1.003679678899673,1.0033889450503588,0.9940459698620024,1.0211757173964526
10/01/1966,1.0021319765020218,1.0001982965615763,0.9958733113498625,1.0171774007024192
11/01/1966,1.0313896587754092,0.9333896170352575,0.525316037643308,1.5125743092953994
12/01/1966,1.1345379239158744,1.114016464429392,1.198137936494456,1.624604839936161
1/01/1967,1.0216638478939413,1.244836610348926,0.93707279198683,2.037872397984737
2/01/1967,1.426358701728469,1.8850219184538917,0.28659140111341874,5.491785451312671
3/01/1967,1.161446674159372,1.2814469767620325,0.6262308559258424,2.6338998167355796
4/01/1967,0.8643741183769689,0.8020115384089266,0.39173175453878273,1.1255247030912912
5/01/1967,0.7838451644131854,0.6721772400884787,0.4099693899332282,0.8385412121367164
6/01/1967,0.9029047930916417,0.895253106912387,0.7458455232453765,0.824589368424681
7/01/1967,0.9771833572081159,0.979316206658643,0.935660297763906,0.9848781162568588
8/01/1967,1.0234981173917557,1.05074642703348,1.0322079502054666,1.0337930419269976
9/01/1967,1.0224040183837548,1.050043993922197,1.035022397563843,1.035717934669683
10/01/1967,0.886295745715573,0.8586373165418301,0.7515107321154897,0.8954997586400597
11/01/1967,1.0480874551514274,0.885978432045962,0.5255085333075246,1.5063726962092852
12/01/1967,1.1036424526677648,1.0002958389644545,0.7807347700240265,1.7803161026997834
1/01/1968,1.1044852395782454,1.2851435702921359,0.89774468846406,1.2052640324881907
2/01/1968,1.1435036515314239,1.2493885199018866,1.3403585237373226,2.044148042950691
3/01/1968,1.1183958380314483,1.138993735343734,1.0355515674825613,1.6604750509456394
4/01/1968,1.1146605574091104,1.083504301231011,0.8902387558379212,1.4555043508523524
5/01/1968,1.032291379621336,0.9815049528154967,0.8679919266554252,1.27573582324602
6/01/1968,0.9978276821005038,0.9934927308432463,0.9331318583094386,1.1910981552391668
7/01/1968,1.0149306852691997,1.0193035541670656,0.9997110367157149,1.1199210969810598
8/01/1968,1.0186238382053332,1.0386789064320754,1.1404409764702148,22.768392344920493
9/01/1968,1.0064455973209974,1.0102952145689381,1.0070183591628104,1.3660523564814162
10/01/1968,0.9548116939602496,0.9004266516660905,0.7024084680768843,1.1403037904967834
11/01/1968,1.0859458046529695,0.8582261510936359,0.44167320390884596,1.5970843865684168
12/01/1968,1.1407001764702651,1.1535427837750079,1.0459098921609382,1.792723742680928
1/01/1969,1.2382648287896008,1.3896779726122703,0.8802240654874319,3.0228957309516673
2/01/1969,1.2830021391999913,1.3342268790391603,0.7759847138223315,3.126965478118582
3/01/1969,1.077544422902651,1.0747732890806982,0.9439092945763363,1.6747799677240742
4/01/1969,1.0282652760216717,0.8802722246117464,0.809437747183858,1.0518861774106931
5/01/1969,0.989309496478311,0.9377156012722244,0.9051388806349115,0.9932245165832847
6/01/1969,0.9757491559115413,0.943591871436551,0.9158200141600665,0.959461215121561
7/01/1969,1.0032208924180022,1.01553934726579,1.0251222206292478,1.0112066404573703
8/01/1969,1.0180906708013948,1.0348934895977124,1.052818838810499,1.0261454734981006
9/01/1969,1.0109767173605064,1.0219385603894855,1.0311944877997539,1.0140747995521802
10/01/1969,0.9452351662673564,0.8432512599571416,0.5832223789465194,0.8364406735701779
11/01/1969,1.0219758687271865,0.8488304694877248,0.5752912913953528,1.1929931778046696
12/01/1969,1.1531219737028666,1.2600455518914082,1.1033182296066038,1.5752534429795677
1/01/1970,1.026366766160073,1.248427622717056,0.9274434417882116,1.4060238469955735
2/01/1970,1.0725729375089357,1.4070698119195393,1.1272098781013393,6.9250456653808765
3/01/1970,1.293646892887415,2.008639907589707,0.9766153714709268,5.732214914032272
4/01/1970,1.068086730758861,1.0791497391902811,0.8910069195740907,1.482954980819924
5/01/1970,1.0293615897609028,1.0500456315900715,0.9063525116391713,1.1455170871420464
6/01/1970,1.0069250650347588,1.0230960702789664,0.8927077070440207,1.0675936670349009
7/01/1970,1.027805530278271,1.0558443111133287,1.0013853997917765,1.0836233814831187
8/01/1970,1.019192976173367,1.0423210906276674,1.0163840521989587,1.0472882477774303
9/01/1970,1.0066497939698584,1.0168397163692362,1.012446491070712,1.013691107361192
10/01/1970,0.9057020527853741,0.8437365163268878,0.7099146693753252,0.8106099830181879
11/01/1970,0.9950208954486837,0.8839071666271597,0.42226283635918377,1.6106925368349712
12/01/1970,1.1171192565401706,1.2234637609115009,1.09941892534539,1.9304235695781164
1/01/1971,1.0318938779065516,1.1955497134322945,0.6781327135577947,8.33843451072866
2/01/1971,1.0776030736172804,1.12987163374998,0.772623259244973,4.97904968333095
3/01/1971,1.0771755254529942,1.0858447060694703,0.9035710825318954,1.3674374756166168
4/01/1971,1.0417460009263866,1.021990599786719,0.6419654277333641,1.4839284962294994
5/01/1971,1.028948006825689,0.9507744095301801,0.6261896724199474,1.174929426126291
6/01/1971,1.0108487189159117,0.9768886254190731,0.8038959437006497,1.1372265692975367
7/01/1971,1.0080173378901358,1.0067889993373413,0.9351564116556726,1.0901193477300521
8/01/1971,1.0055924971804027,1.009574589392779,0.9872642709903399,1.0529869129205722
9/01/1971,1.004815963231745,1.0069157523952423,0.9903227398097662,1.0160561661000527
10/01/1971,0.9423335858778975,0.9320004522522656,0.7891986000259267,0.831909378514709
11/01/1971,1.046905873555568,0.8733636678303881,0.553505619411419,1.3999328353688354
12/01/1971,1.1371242605247862,1.2470902697323274,1.1018758556126644,1.6272149544575023
1/01/1972,1.0177096246153585,1.183669985751261,0.8604259687454112,1.442141533886189
2/01/1972,1.0072220933526508,1.004224744335729,1.089196356999877,2.185894545951951
3/01/1972,1.0586812662717542,1.0786226885687005,0.9306757489143662,1.6340761366282763
4/01/1972,0.993566102807113,0.9400620968169057,0.8338686205859053,1.2789403015672816
5/01/1972,0.9732544768740473,0.9653747516465461,0.9027683818112835,1.2117020794177475
6/01/1972,0.9975511742112713,0.9974566336370707,0.9732145467654622,1.0890357312460501
7/01/1972,1.0033832486370304,1.0081792338731201,0.999500384046665,1.0475925592631425
8/01/1972,1.0024809939377846,1.0052764594743395,0.9996587879898817,1.02720376135093
9/01/1972,0.938211516190206,0.978145473761409,0.9115234660567548,1.9373043010478368
10/01/1972,0.9408604950837574,0.8662425361313092,0.5380813188496488,0.867664396336995
11/01/1972,1.0213977745454097,0.8885906636261667,0.48279976165936045,1.4402413195710224
12/01/1972,1.1157564350616347,1.0701864809028017,1.0742207046923051,1.7830836524895102
1/01/1973,1.2354575490625308,1.3339206041468505,0.7814838801158964,2.822587679070274
2/01/1973,1.1193822059281677,1.207524774285715,0.7431919535855915,2.3684961132426428
3/01/1973,1.0153846218213511,1.0676946926710889,1.0722005170690068,1.4828598358335596
4/01/1973,0.9834583327594004,0.9526820811111727,0.8534065363443553,1.1151470865837674
5/01/1973,0.9759089903564134,0.9497888477791797,0.9132618921628834,0.9919870882425937
6/01/1973,0.9929185002939942,0.9824372935830374,0.9697492215749806,1.0085168902313657
7/01/1973,1.0142002338407825,1.0277923952111314,1.034974693875554,1.0350133366013459
8/01/1973,1.0193777470187575,1.0389201516673578,1.0515098075845586,1.0338587350266901
9/01/1973,1.0099076054345784,1.0107770363332804,0.9495396958656317,1.0980056173672137
10/01/1973,0.9393487107329008,0.847901241289995,0.7144517385625345,0.868324534268249
11/01/1973,1.0107612473569125,0.9016794608183746,0.4759484997416362,1.4313016884862573
12/01/1973,1.1333810315353117,1.2360533630924235,1.1126432952204222,1.7821337560155193
1/01/1974,1.4164041812906214,1.5596814868943236,0.6587674310461811,5.793368241319918
2/01/1974,1.5154019439403537,1.5621540280428434,0.5896109417417754,5.348865922672805
3/01/1974,1.2016457817837185,1.180403644821843,0.5689007825590451,3.371496925906541
4/01/1974,1.1048315120151075,1.001922895750216,0.5439485551184501,1.8913917026584461
5/01/1974,1.0002547345314194,0.9580365628211833,0.76974108046606,1.0774077435108311
6/01/1974,0.9398238548556779,0.9205972870196443,0.7801147296021138,0.9711485041724709
7/01/1974,3.0569988695512853,3.632623092808361,0.7489441782995732,1.0037969818506511
8/01/1974,1.1197501110738501,1.1605462553237986,0.9827334363547352,1.06197559019893
9/01/1974,1.0381796464869388,1.0550180957200093,0.9934879776125339,1.0220405346253019
10/01/1974,0.9402852772109112,0.8241052318938399,0.5718156858920906,0.7754431593473579
11/01/1974,1.0542114418015782,0.8310407938785052,0.5161814599341943,1.3150680285073457
12/01/1974,1.1375774079202894,1.0376736578119863,1.00989889514075,1.6011287922644242
1/01/1975,1.0027515021087634,1.1585167513469967,0.7788128300185109,1.3919501081698509
2/01/1975,0.9971946482884276,1.0987897534764233,1.2888222961561766,1.972755203673597
3/01/1975,1.0584771854937998,1.0972364420364404,1.0746617556990694,3.999629677605768
4/01/1975,1.0091003907807312,0.9601564920208547,0.9312742407563326,3.766555629342732
5/01/1975,0.9867127618200013,0.9594210913199676,0.9012442844940455,1.269823845929911
6/01/1975,0.989800143627607,0.9804387567483887,0.951412770918095,1.1493990346013314
7/01/1975,1.0069701113982592,1.0211081692159325,1.0230836139453925,1.107514471159574
8/01/1975,1.0094310530017248,1.0255839873794659,1.1689010776690578,5.857958139439234
9/01/1975,1.0018486200947798,1.0064335858692819,1.0106751548734574,1.0783571271777794
10/01/1975,0.963765972576942,0.7008401397026816,0.35504553009211703,0.7585159968171453
11/01/1975,1.0167615230150364,0.784351525210811,0.5523266629708599,1.4271666967616725
12/01/1975,1.0891962891940192,0.9865694463568513,0.7683553345100732,1.6475779529727972
1/01/1976,1.028761334762201,1.1392445785106846,0.7216639010660101,1.2643152765425878
2/01/1976,1.0194244893168058,0.9481016484315913,0.9505348344091469,2.789409996047559
3/01/1976,1.2456513364654405,1.1491522690394655,0.9479644753987102,1.5056171390520134
4/01/1976,0.9816065844147039,0.8666977188208361,0.9512829154119545,1.0288199574713317
5/01/1976,1.0053172754827857,0.9898875788970016,0.9600030387957973,1.050640655679453
6/01/1976,1.0008552143485643,0.9924930993243105,0.9729410612011733,1.0276495303728226
7/01/1976,1.0032530816750715,0.9991597933909274,0.9872933103798405,1.0185345826493168
8/01/1976,0.9907099542249019,1.0024670858186688,1.4127898784932766,137.39112679814937
9/01/1976,0.9318783807500663,0.9614129664837959,0.9982900591380163,2.586411671247656
10/01/1976,0.9797915268492504,0.9782381059913938,0.9549357177134933,1.341251943360058
11/01/1976,1.013300424623069,0.9050491464263599,0.7121070871935692,1.6077335459653426
12/01/1976,1.184290429367934,1.1212934610785505,0.9648159923258477,1.6693725815860554
1/01/1977,1.0492332573639667,1.0543940175335464,0.8219946550796369,1.5551641333571231
2/01/1977,1.0281525696045344,0.97099132369739,1.146098743224964,2.4378551181035673
3/01/1977,1.2151953635059858,1.1791453554288944,0.9875717536121175,1.3687203686319362
4/01/1977,1.010443317470103,0.9821273491199558,0.9701951080947696,1.2186916239583647
5/01/1977,0.9373982258315121,0.8634119903378499,0.8824618811079942,1.0147076892748366
6/01/1977,1.0051140225361976,0.9980914514258674,0.9913259656376412,1.0459409741388985
7/01/1977,1.0094750632058729,1.0173822784060607,0.9902169664093464,1.0310693057797335
8/01/1977,1.0012403309359212,0.9971506402764285,0.9931925170617548,1.018949170232758
9/01/1977,0.9971003731168746,0.9935601978543291,0.9706278306166067,1.0382812329258824
10/01/1977,0.9746351015519595,0.9676012826837345,0.9309347602209449,0.9569151710730229
11/01/1977,1.0685164087395134,0.8512903120530528,0.6428512977245329,1.3918953105645546
12/01/1977,1.161198480229178,1.1900113426853673,1.0964992404363696,1.7101541605047343
1/01/1978,1.0911085212210607,1.3435352039970867,0.9492631993399644,1.9180038961115042
2/01/1978,1.9554420904951766,2.671673512016939,1.0315997103533208,5.990604552244833
3/01/1978,1.2747507370654265,1.374094566441468,0.8995317907033802,1.9808575600393794
4/01/1978,1.0183587913646932,0.8792396323278279,0.7857977809796197,1.0928217595795369
5/01/1978,0.9438370645062485,0.8116039067525684,0.815790260466092,0.9631743218415979
6/01/1978,0.9792580993170172,0.9401792182965493,0.9273971584925208,0.9841832678494453
7/01/1978,0.9878584991110808,0.9732725418801113,0.9686964213377827,0.9899258513698795
8/01/1978,1.0131505436380328,1.0221003355394753,1.0256005718127585,1.0164344244301893
9/01/1978,0.9421510931452538,0.9792855650939277,0.9531826371616166,1.5870217742215227
10/01/1978,1.0040621501745106,1.005857099749614,1.0099399569792606,1.0081005110002539
11/01/1978,1.0422558292644373,0.8781865922982748,0.5868132417146207,1.4563281682715585
12/01/1978,1.0854362751252244,1.051421803915126,1.0839584361836399,1.639515573677878
1/01/1979,1.0562084823252011,1.2552619902947213,0.8835945459141367,1.1733683196697482
2/01/1979,1.020618127090713,1.1176793655788027,1.3406032307292295,2.7301263770413198
3/01/1979,1.0583681287500724,1.145396549082635,1.012857315804537,6.605293540784763
4/01/1979,1.0256038429979124,1.038123637396481,0.8841205066847438,2.3632378404436647
5/01/1979,1.000056009289228,0.9811652505945797,0.7918120529489547,1.2146425653252102
6/01/1979,1.0150218529321542,1.0381168953110667,0.9420847365039695,1.1731564843207367
7/01/1979,1.0152148526418534,1.0620234596690463,0.9753734565139835,1.0793861508791645
8/01/1979,1.012078462271156,1.026616074418827,1.0447240318542659,1.060926472823301
9/01/1979,1.0027337224489412,1.0104888167880286,1.005859308036753,1.019298259929341
10/01/1979,0.9389003246701015,0.7679316704760552,0.4927632858426788,0.9004019394888448
11/01/1979,1.01907926027959,0.788208354455785,0.42075161289361884,1.387287255615696
12/01/1979,1.138076319025179,1.140483395121094,1.102263730973987,1.5420425251213419
1/01/1980,1.0922778737459402,1.264412167092151,0.878699177162737,1.2213952414999154
2/01/1980,1.1434395922515441,1.2807438220047969,1.5225923092876288,3.7950456916714725
3/01/1980,1.2913427958347161,1.3513850608838132,1.174451316873111,3.0884707319317206
4/01/1980,1.047333947517153,0.9723782612142926,0.9014308074191494,1.272032921328379
5/01/1980,0.9885096958254769,0.9289619243173395,0.8781174149060079,1.001730228875565
6/01/1980,0.9819034271672755,0.9486649967948801,0.906724300843806,0.9848228350217568
7/01/1980,1.0466510371546407,1.0641575676590425,0.9725790428505394,1.004565791655505
8/01/1980,1.004114183718721,1.0069836078884602,1.008769469083193,1.013349336060608
9/01/1980,1.0021347483666652,1.0041552995282805,1.0097852729485688,1.004524291879273
10/01/1980,0.983352392628243,0.9806855259501721,0.9619478710764012,0.9557310838784423
11/01/1980,0.9805168882343327,0.9696251568246109,0.9241442023223297,1.1866760684079278
12/01/1980,1.140509335690025,1.10948279252287,1.2257259874069253,1.6591947361415027
1/01/1981,1.0953577623321222,1.3069358652929226,0.8928557433803146,1.1574759031019286
2/01/1981,1.0392969668377443,1.0500717679048233,1.04388024496135,2.728252806443042
3/01/1981,1.018680605816807,1.096491490669348,1.0334386763635552,1.3844528205114353
4/01/1981,1.0098467996973919,0.9729118462390548,0.9299811466373947,1.3735822516218334
5/01/1981,1.0093132575855004,1.004041265587814,0.8532021779706229,1.3180721507461013
6/01/1981,1.0105068673010433,1.0234460064073412,0.9695760099376937,1.226759006391729
7/01/1981,1.0105183256589485,1.0190189640567449,1.0015158219022515,1.1267325989874544
8/01/1981,1.004800106597712,1.0106017618582022,1.0053671296066493,1.0413403157060326
9/01/1981,0.9660651715019317,0.9882066303717633,0.9553945170677858,1.534020326067439
10/01/1981,0.9561985968780448,0.7519898519626856,0.47045343118124844,0.8755304089277592
11/01/1981,1.0264248315410212,0.9092664734945807,0.49181102649601577,1.4046540328169244
12/01/1981,1.1637409942379653,1.2278050263858935,1.090929563001798,1.9710746781665842
1/01/1982,1.2950945516895425,1.4089892593865472,0.49449318112946533,3.2016162203334058
2/01/1982,1.2065930803428269,1.2974291704444345,0.5108429960703911,2.110504816377144
3/01/1982,1.1200574610791114,1.168100800450677,0.6078406835579898,1.6113164474723256
4/01/1982,0.9102794951954126,0.8757373535684924,0.8350229614660865,1.090248900685613
5/01/1982,0.8985302017121695,0.8438728641794588,0.8408255466269527,0.944719112676581
6/01/1982,0.9516808030649602,0.9223731343763544,0.8660443173907488,0.9344508778371735
7/01/1982,0.9729228145805228,0.9650891507370962,0.9553259584585425,0.9789603015604412
8/01/1982,1.0092363857583362,1.0281377384766435,1.037606889994648,1.012080391494805
9/01/1982,1.0139876162491097,1.1652914334025357,0.8986827525557665,1.7862902048509468
10/01/1982,0.955008454096807,0.7773585213551316,0.3065067239621327,0.9095065024195544
11/01/1982,1.0114033075015016,0.9009554853876787,0.47547946287409437,1.3936267725903453
12/01/1982,1.1553918737286042,1.1431237680833395,1.1537626888537902,1.907477258609541
1/01/1983,1.139600319220133,1.2240890242970577,0.6574541981103162,2.6012821795849455
2/01/1983,1.0951472788476608,1.1069843819808496,0.39307292820454026,2.272938283095626
3/01/1983,1.0308491988218178,1.156701166911316,0.889611711607882,1.4942455413926177
4/01/1983,0.964385344218934,0.9959505548354443,0.8756922878111288,1.0543074698314205
5/01/1983,0.8109385994794783,0.5805335957008625,0.6590622725411859,0.8124759598275877
6/01/1983,0.940880840603064,0.8951371120941969,0.8537013167737435,0.9224009830717466
7/01/1983,0.9684123549240412,0.9446332230087557,0.9502157422561989,0.9639576744806921
8/01/1983,0.9995171451446352,1.0068516506702276,1.1075570598429993,0.9878677422214688
9/01/1983,0.9806258237504697,1.0049762298813234,1.002141306011621,1.1918968919778334
10/01/1983,0.9220075266222569,0.9115189099317149,0.7193636268047486,0.869044182598917
11/01/1983,1.1738618975508002,1.0600543247511613,0.4360019811354202,1.460732690259561
12/01/1983,1.2446485793569928,1.3629901590339126,0.9512300275277951,3.362294071358916
1/01/1984,1.8951991392680687,1.9688451009715895,0.22623494291884574,4.825436577217108
2/01/1984,1.2949322226168485,1.366780314599743,0.5652246158501988,4.076095580898865
3/01/1984,1.1634878684945915,1.2006702628578454,0.6830113790153751,3.594322438281416
4/01/1984,1.03553675657414,0.9976040222676013,0.7624352024571248,1.2534363105374156
5/01/1984,1.0030154422244189,0.9789234353549399,0.7871788540960335,1.1053433921862414
6/01/1984,1.0048060019692102,0.9878293663355678,0.8586620946735272,1.0478368235103892
7/01/1984,1.0226532816885736,1.0302032070208245,0.9481118336357314,1.0699324881661587
8/01/1984,1.0267984385984261,1.0492405329930576,1.067079303038078,27.101951657119567
9/01/1984,1.007728015225455,1.016090732442386,0.9982393306248235,1.6482429468124038
10/01/1984,0.9419303438513076,0.7915750910963092,0.6179427762268113,1.225188103656048
11/01/1984,0.9991888606765219,0.8542964698526614,0.31027501353206594,1.636627275447241
12/01/1984,1.079763703113789,1.0308651376812428,0.8439632841714676,1.940881842392854
1/01/1985,0.9536841799363625,1.043766749237173,0.6213454638793402,1.9192585163761195
2/01/1985,0.9925559211544542,0.964061287015868,1.1693369390765451,4.1414287493649065
3/01/1985,1.053363246869169,1.034681276698195,0.9163070332558766,2.1514867694398605
4/01/1985,1.0022749061907845,0.9174329726069319,0.7001072581173814,1.855514226223257
5/01/1985,0.991888647788518,0.9318959373504231,0.8236708613476753,1.4895696363401356
6/01/1985,0.9892142732032077,0.9602418923860769,0.9026754199617661,1.2641855182558055
7/01/1985,1.0057798593816294,1.0023127051657486,0.9796740039735649,1.1787982741578444
8/01/1985,1.0028086965111525,1.0022303791260285,1.045381772404724,1.0558395463531358
9/01/1985,0.9554748922951259,0.9847981523043879,0.9369609885802384,1.607844337716625
10/01/1985,0.91206261306626,0.8872426838034015,0.7358771001655295,0.9873499487426416
11/01/1985,1.0662843783776468,0.9020904287186015,0.4867180001341161,1.4997692054482725
12/01/1985,1.0803895530063374,1.0559600610710829,1.024039268625962,1.749037867299845
1/01/1986,1.0924522870363966,1.1720190862581494,0.8180468054355609,1.3333163713635323
2/01/1986,1.0813955670393365,1.1702844244188806,1.3447036075693517,3.90718040666827
3/01/1986,1.0965472172697353,1.2034162856547794,1.0302703935700188,2.481278084308944
4/01/1986,1.0185538795995046,1.023541368065497,0.9165721122665283,1.4985709659607196
5/01/1986,0.9793400564502001,0.9381838007906249,0.8604052126294225,0.9990460029929406
6/01/1986,0.9893394967563786,0.978502976591735,0.9642167363370406,1.0085205106897754
7/01/1986,1.0178934222707052,1.0428669329964295,1.0594274528933116,1.045977832270518
8/01/1986,1.0187389042015518,1.0467896957332012,1.0633207603228507,1.0339732157995445
9/01/1986,1.0061309504199492,1.0785719623965917,0.9330972306170013,1.3727408028672983
10/01/1986,0.969426078916945,0.9685099659934221,0.9229913078339463,0.9538701917281805
11/01/1986,0.9690194084962157,0.9307946192407626,0.7601767298528515,1.259535263346357
12/01/1986,1.0810532135603788,1.03750959426963,0.8676130102750941,2.1374734488836924
1/01/1987,1.0579664542722873,1.1033925606746586,0.6973789708708359,1.4229201691419227
2/01/1987,1.1391709871742077,1.225743467666817,1.2902055486568547,1.9477521513316625
3/01/1987,1.0347996051997435,1.0974636502843005,1.0476992843143915,1.320474123195969
4/01/1987,1.0443531376448727,1.0447712707348542,0.9210624162882687,1.462443782682046
5/01/1987,0.9997737422935405,1.0029652295418572,0.9216062463491829,1.3158123175987493
6/01/1987,1.0059090217804194,1.012442599347151,0.9973444278608249,1.1442340332311294
7/01/1987,1.0056748558681676,1.0104001068470239,1.0039640908838858,1.0561055383835545
8/01/1987,1.002467767358846,1.007296150892942,1.001734648401032,1.022683728032676
9/01/1987,1.0021920787543104,1.0044822139184881,0.9994843163521754,1.0174847656523685
10/01/1987,0.90237185068136,0.8463455829546984,0.686123396063836,0.8776461370210025
11/01/1987,1.0123930824590788,0.7853278941141961,0.3394075617175097,1.521448253642694
12/01/1987,1.1441939359582385,1.1776209488805678,0.8944081021231113,1.721785970880004
1/01/1988,1.0933864279253789,1.2612213887773793,0.8494065731991339,1.2773884328675928
2/01/1988,1.077140638471698,1.0996862290221914,0.8619291761920035,1.5569943975695393
3/01/1988,1.2065479831158388,1.1183818391888274,0.8600764569705419,1.3575732362453057
4/01/1988,1.0379221554854434,0.9270851864099522,1.0755521248718534,1.1438832429218966
5/01/1988,1.0371020967581142,0.891574146824107,0.7927189905309873,1.1528193749698108
6/01/1988,0.9989241423740222,0.9620422139733457,0.8865187912466289,1.1104041559547797
7/01/1988,1.0112475256679743,1.0077922526590544,0.989158458822373,1.0731773409728136
8/01/1988,1.0058153112823258,1.0052777100835661,0.991699251732852,1.0234566811262307
9/01/1988,1.0038680965176712,1.005177049577709,0.995789825207942,1.021294953693811
10/01/1988,0.987474326413256,0.9914992516805032,0.9673525404513137,0.9891463039424052
11/01/1988,1.0735695182509426,0.8436653494412053,0.43115322802057066,1.6869539823833986
12/01/1988,1.1421309897846172,1.122255438887772,0.9957591982445161,1.6643775827687086
1/01/1989,0.9806433630718647,1.0338743745763788,0.7216170183836922,1.372890717500494
2/01/1989,1.0078251915101346,0.9422915844086867,1.0118263970070722,2.772273547084977
3/01/1989,1.0466334498120575,1.1950727717670997,0.9960751066605923,2.781583535618113
4/01/1989,1.1206737379423104,1.1318769805721955,0.795265909223484,5.283601792436542
5/01/1989,1.0094287599234508,1.0072211317741495,0.7892307508378161,1.3508588319082921
6/01/1989,0.9417127462719522,0.9369591736468271,0.7634693146121123,1.13246491736876
7/01/1989,1.0148408795396893,1.0278581071731305,0.9492909338136447,1.1526458126504766
8/01/1989,1.008766334214369,1.0210432532577132,1.0799230760930776,1.0712194791996934
9/01/1989,1.123539270979876,1.8536277508711978,1.2745784377623615,1.244020026766424
10/01/1989,0.9583474324346862,0.874407631962284,0.45285861600086713,0.9682520721926264
11/01/1989,1.0819067586870177,0.9057675590539677,0.5543243799788033,1.355100369188573
12/01/1989,1.0178587072433902,1.0395558988302245,0.8163379986459322,1.1104631354301104
1/01/1990,1.099315558007408,1.3083079648700555,0.8022064456581728,1.1835100266962664
2/01/1990,1.1268214813061987,1.2032572249248388,1.3231880020873097,1.8661985546358437
3/01/1990,1.1485274867983877,1.222612478767343,0.961232899258338,1.4052253550360854
4/01/1990,1.0705388880049242,1.0616588800477447,0.8628001267494743,1.2318119147318016
5/01/1990,1.0128593212209818,0.7859352320847812,0.8151749665724772,1.0263901668151396
6/01/1990,1.0198641603869645,1.0101462997250201,0.9268005929564255,1.1397038258289875
7/01/1990,1.008749137951952,1.0043301207451252,0.9766583775690252,1.0545512857533468
8/01/1990,1.0043943618972648,1.004324945202942,0.9889767554526365,1.0166234839963209
9/01/1990,1.002157593199296,1.0038201039148327,0.9943497924542568,1.012265114071292
10/01/1990,0.9627322664071318,0.9559293289326679,0.8797830239387676,0.9458309955633166
11/01/1990,1.0151465103672568,0.89480868206415,0.686098242633714,1.341283028718125
12/01/1990,1.1242039184505632,1.011598052256784,1.0332648350217297,1.8419885563851568
1/01/1991,1.0059148189925788,1.228287058978781,0.8313683188701323,1.3104719100935371
2/01/1991,1.0372757680128823,1.1208163190835332,1.2226164976093015,1.8374030095546507
3/01/1991,1.0371495992171467,1.2116841511276963,1.0082165522919122,1.436791433513647
4/01/1991,1.0325623213982584,1.1120737952702706,0.9153253320934716,2.096852428672494
5/01/1991,1.0114987233660284,0.9871450064480711,0.8796713516860718,1.2878506591320253
6/01/1991,0.8948934618465021,0.9110900438695709,0.9108708065231045,1.143526386440709
7/01/1991,1.0056121979731512,1.0358507022990744,0.9696366601251527,1.129217572808922
8/01/1991,1.0045426245540714,1.0214397050785966,1.0410026338649414,1.044895258160917
9/01/1991,1.0022459269242916,1.0082503350253034,1.0022186290227124,1.0163113574182436
10/01/1991,0.9350480440484645,0.792167392759528,0.6776310710218162,0.9984307006732611
11/01/1991,0.9712934368443545,0.9163073474610113,0.7840067730188323,1.258892837252446
12/01/1991,1.07416919428286,1.0374368482372343,1.031794020094501,1.6139807741967702
1/01/1992,1.0506861468228756,1.0966458486055513,0.8605661262806642,1.3009710076686283
2/01/1992,0.9888123593443171,1.0485856252803651,1.506397239444872,2.097540354141851
3/01/1992,1.0535497432556764,1.0937235392446192,1.0484177202551617,4.751887303674737
4/01/1992,1.0001278486844478,0.946991903130525,1.0126451591372754,1.679375228615037
5/01/1992,0.9960809784072557,0.9816673925187183,1.0351425539516408,1.379023336402917
6/01/1992,0.9846851853643296,0.9774104694378887,0.9896423591561686,1.219333445801475
7/01/1992,1.001168491659816,1.0031431764662067,1.0338393774891856,1.1279158795805446
8/01/1992,1.005760219415131,1.0098906280995656,1.018658064539838,1.0511756636411156
9/01/1992,1.0014832157243259,1.0064888005450934,1.013072554190756,1.0170661823947158
10/01/1992,0.9484114514694121,0.8439745179145092,0.6851912071244903,0.8534306297523212
11/01/1992,0.961153589992706,0.9081607185670185,0.7455098064928375,1.106474557727272
12/01/1992,1.1223771205759985,1.2120168116802463,1.0629975092973527,1.6230352618714674
1/01/1993,1.1187637303511493,1.4671018844726076,0.9149436610771332,1.7948138405320886
2/01/1993,1.2701122960982771,1.677914536331302,1.4389233433711572,3.3993383414019984
3/01/1993,1.1268205490894174,1.2325602166752314,1.1967355920852891,1.8812691565397541
4/01/1993,1.084662470085286,1.0452227521741546,0.8773059576519585,1.2720351300347368
5/01/1993,0.9885476984366227,0.889407234188822,0.8564411364601221,0.9668094187022055
6/01/1993,0.8988927722448821,0.8658150362686002,0.9309176401854854,0.7758575583541644
7/01/1993,0.9939556290922846,0.9925387806446253,0.9871495351441948,1.0030939527740894
8/01/1993,1.005292165393774,1.016042835816232,1.0233452122472548,1.013026189699299
9/01/1993,1.0004621317015094,1.0028894975613758,1.0084117818418525,1.0002592664338807
10/01/1993,0.9372370067485424,0.9242809743523569,0.793894698264083,0.8907425402477438
11/01/1993,1.0410196855500617,0.8364167608802435,0.5364286137220955,1.4059165294811669
12/01/1993,1.1281864596886184,1.080258921580351,1.0220597023330322,1.6657121605587002
1/01/1994,1.046161677619662,1.1045358673797947,0.885365377697856,1.3077273026241971
2/01/1994,1.119824592855813,1.1801400086755558,1.289188111618851,2.1799241874596795
3/01/1994,1.1792401536800663,1.0824975984113276,0.9979253103154848,1.701017981746061
4/01/1994,1.0187770454647411,0.924687384434469,0.9241012364933252,1.3217419564921793
5/01/1994,1.0214417266060398,0.8291139312936499,0.9366390377718691,1.2606484114834875
6/01/1994,1.0107981627464715,0.996843434798583,0.9857663162195206,1.2011451894575467
7/01/1994,1.0046347266296283,1.0059366430651802,1.0035751191947353,1.0800665045733993
8/01/1994,1.0070862582488462,1.0063972031671964,1.0033991368446236,1.0307794994513324
9/01/1994,0.9971886717147146,1.0046613602055772,0.997140591585209,1.0221004894381365
10/01/1994,1.015735621679905,0.9949922551806019,0.8529017482516164,0.9597593697374032
11/01/1994,1.125724459847079,0.9002291827085543,0.40742580359439773,1.5401732946249145
12/01/1994,1.160797004119457,1.2207678618973414,1.0245570189529891,1.716995291024883
1/01/1995,1.263044169611137,1.4941557155455572,0.7928596395308488,3.1153792367498023
2/01/1995,1.4296664582203509,1.6331537860390803,0.13510264373204767,2.862707604427467
3/01/1995,1.0809950921501505,1.2796716213640345,0.7299070939892791,1.5132543726997694
4/01/1995,1.012542664338903,1.0904461642971541,0.7439285176053118,1.1248235699747182
5/01/1995,0.9055188541711093,0.8114947438751697,0.7990164330723558,0.9680439737929675
6/01/1995,0.9070473314827243,0.8958947258897831,0.7479233932671278,0.7977373436322818
7/01/1995,0.9676011409048095,0.952710512279295,0.913851877445847,0.966083284491985
8/01/1995,1.0003512268910542,1.0134887438234763,1.0104813038072993,1.0081952458924839
9/01/1995,1.0046374299346243,1.0148405038428876,1.0198096449670653,1.00648592485722
10/01/1995,1.00049367788843,1.0036160520578443,1.0076814870977182,1.002744361417822
11/01/1995,1.000419151875515,1.0022908787554423,1.0058309293404015,1.001380184613311
12/01/1995,1.1898813731502205,1.3522065582213958,1.2787201788234692,1.8436467855569607
1/01/1996,1.1005076678785735,1.186828056956633,0.8351164359061836,1.353726264725807
2/01/1996,1.0399135334572203,1.0966584180229968,1.5595193233808837,2.468403128259984
3/01/1996,1.153458588299435,1.2103092871277297,1.276316789562832,7.358278034609506
4/01/1996,1.0591915290155547,0.9448864355498061,1.23511613541219,1.5353256487291507
5/01/1996,1.0258926149085323,0.764826842716905,0.848972368446604,1.0295341351821514
6/01/1996,1.035854802235734,0.9316221961181144,0.9614489105822355,1.2174512570084057
7/01/1996,1.0289159699209736,1.0113869618571139,1.0409971922541739,1.1353641453920746
8/01/1996,1.0142156101329023,1.0200533587120078,1.042069849606092,1.063898611180942
9/01/1996,1.003173026235407,1.0057908183482045,1.0164535350682231,1.0219673135002232
10/01/1996,0.9376838650736714,0.8098661896809269,0.5500849566894902,0.7720303190466038
11/01/1996,1.0428116266450123,0.7996290431767012,0.45614231438593317,1.5262102935220712
12/01/1996,1.1027980819926853,1.2172004907782952,1.0778239969855794,1.6619435812953762
1/01/1997,1.100127615133359,1.4820978012719932,0.9380619792869045,2.1877839459596613
2/01/1997,1.5378379335665993,2.793720437240833,0.5818597342135611,6.583843095756755
3/01/1997,1.1779396037253003,1.3555904720895622,0.930973603166082,2.531874549287513
4/01/1997,1.0443284212328274,1.0171558185970209,0.8760315108858647,1.151287680071462
5/01/1997,1.0162596946820395,1.0114885325088694,0.8613567245104325,1.082721832123911
6/01/1997,0.9746589391260341,0.9830352557405664,0.867750419643888,1.0105580935675178
7/01/1997,1.0214337477867614,1.0441189045989128,1.0118888109000554,1.0610174145400093
8/01/1997,1.0050349436438302,1.0131923187833145,1.0828882116753367,1.8222924674750214
9/01/1997,1.006589635544626,1.0118230532068273,0.9999670192852889,1.0356485064158634
10/01/1997,0.9636253929571269,0.8961746697671263,0.6054483049199986,0.9233501463590509
11/01/1997,1.0396562525178534,0.8807871197484554,0.2889089890578816,1.6087719167395054
12/01/1997,1.1297325420794386,1.0956772182410337,0.9897479802882199,1.5831043733241903
1/01/1998,1.017757720163258,1.2087046323952748,0.8533312719692133,2.3632081142785006
2/01/1998,1.0656786994612937,1.2434095066781745,0.96048669447239,2.3815673876149113
3/01/1998,1.0301711871973291,1.0762528448744109,0.9896233003017638,1.8029812589285013
4/01/1998,1.048576031614315,0.9186409752962588,0.7253820056305738,1.0164273391035006
5/01/1998,0.9735993589372696,0.76900066494895,0.7658813831498333,0.8892481621178849
6/01/1998,0.9521671372411211,0.812755937584595,0.7253657237607599,0.8698193738963453
7/01/1998,0.9721938103854679,0.9038363314586753,0.8632721674270295,0.9256114307731665
8/01/1998,0.9990232085807896,0.9910831409297269,0.9826664835590027,0.9828430895839143
9/01/1998,1.00517796525112,1.005776179151441,0.9805599027967814,0.9905846371749815
10/01/1998,1.022525350779761,1.0146561733107389,0.8878359338602535,0.9711622218215888
11/01/1998,1.0406376369267667,0.8360794602275445,0.2613556069636967,1.9497019227392656
12/01/1998,1.0853576371417228,0.9707750874977926,0.5785729847316904,1.7982342178489703
1/01/1999,0.9719254384137824,0.9926088144151103,0.5940713622565198,1.395796523810887
2/01/1999,1.020155345375904,1.072981089003958,1.2210407528148108,2.3942542994829266
3/01/1999,1.0701832710510926,1.0579472399974548,0.9060368881913756,5.773935791995329
4/01/1999,1.0090319921191122,0.9231989924791472,0.7485367396811008,1.5116250655806018
5/01/1999,0.9856469212266449,0.9336935624354179,0.7943804810751374,1.5188972894819008
6/01/1999,0.9943028827291582,0.9571481713346135,0.892405553857336,1.2971913990880533
7/01/1999,1.0034548830394157,0.9942646471206801,0.9791654897200862,1.1697024642420568
8/01/1999,1.0041021797473293,1.0035523912648365,0.9905104036910974,1.0511283797101678
9/01/1999,1.0014943198870034,0.9995256646297257,0.9948490394314415,1.0193653527614246
10/01/1999,0.9494450792792742,0.9354669199097204,0.8054322936609667,0.9213515405389964
11/01/1999,1.0304251752241826,0.8235958580115453,0.3895217045762292,1.6551737372011128
12/01/1999,1.161732205445889,1.069671608920066,0.7516060851501591,1.7953642129737823
1/01/2000,1.063809118292059,1.282230414902849,0.7023573357708485,1.225344276908938
2/01/2000,0.9838675699450414,1.0806961972859692,1.5397623835125054,2.8023402011398444
3/01/2000,1.2286303569760884,1.8870288939129887,1.3694261773080163,9.481229941248289
4/01/2000,0.9762618312992488,0.9543945214892429,0.9603685194306972,1.450168472886528
5/01/2000,0.9771364820601945,0.9147184971305241,0.8296218618046871,1.0413045774077974
6/01/2000,0.9905314589967491,0.9886611329078522,0.9451903238299766,1.0771805631293887
7/01/2000,1.0057416091709503,1.0330141008259697,1.0367455987193133,1.0807308103654105
8/01/2000,1.007665691108909,1.0310112457039804,1.0380570974293286,1.0469084735077894
9/01/2000,1.0022801894801188,1.012422493592993,0.9825224414712118,1.083760475221475
10/01/2000,0.9911288446344841,0.8351671154412353,0.5597714741338553,0.7385193229101226
11/01/2000,0.984289596130491,0.8243046590770438,0.5835118114290366,1.3598885805476215
12/01/2000,1.1207331304212318,1.0238813603698012,0.8484961032096475,2.056446717599457
1/01/2001,1.0932024608895834,1.2117288426086188,0.676244434858541,1.3136145802011385
2/01/2001,1.035463674692919,1.1429888714412686,1.248746825167088,2.0318012774025807
3/01/2001,1.0881789038528216,1.0910281949179632,1.0372019430047277,1.4114656565793309
4/01/2001,1.013480522909927,0.9547080432366657,0.8263479868707733,1.181177908823429
5/01/2001,1.0220444952964949,1.0233247138251604,0.9021166590500465,1.3796533157460102
6/01/2001,1.0007149238390418,0.9921926189004411,0.9334324680227185,1.1732313717030345
7/01/2001,1.005993037956429,1.0094418357797283,0.9974905935140771,1.097051138469982
8/01/2001,1.0028224929343348,1.0064625109296053,0.9961457525041508,1.029832549119545
9/01/2001,0.9986311196939166,1.0043066688576459,0.9718107762431322,1.0676629341840869
10/01/2001,0.9437784637882151,0.9267697804525244,0.7930402369880961,0.9254756190199374
11/01/2001,0.9944502704092633,0.8168481891871797,0.31172295941378647,1.7210178792059425
12/01/2001,1.119489634364103,1.216277148675326,1.002332821500045,1.6999809374012145
1/01/2002,1.05003969821617,1.1039051193673224,0.8429058620337572,1.698066511558661
2/01/2002,1.0326806881661388,1.0075067112535296,1.044066913328713,6.097482523805422
3/01/2002,1.0575777285878443,1.0911070594737047,1.022050563712117,4.315358921357347
4/01/2002,1.067987057370893,1.0404261843420275,0.7944156700304319,2.4854566091976587
5/01/2002,0.9841015314490092,0.8886905070385664,0.8097078970652459,1.3083288171979153
6/01/2002,1.0206243700324413,1.0114324570402142,0.8954792917800304,1.3185851708736844
7/01/2002,1.0169355764859493,1.0248286083004317,0.9707078640783393,1.1760151816525124
8/01/2002,1.0057598220193025,1.0143497819930754,0.9974719628248606,1.065825439398493
9/01/2002,1.0044178678397935,1.007198498675097,0.9963621596139651,1.0207137398252248
10/01/2002,1.0022068487266327,1.0055861616071369,0.9953225941641596,1.0159598722046752
11/01/2002,1.0782247945528116,0.8455203057033347,0.606071600780279,1.4727207256046704
12/01/2002,1.1023289741990414,1.241272005215751,1.1859046879615227,1.663579447276841
1/01/2003,0.9842930235002263,1.0657138845023093,0.8313236768746244,1.4364183962074164
2/01/2003,1.0127899226008266,1.003621811943009,1.1557635354256657,3.39044025574217
3/01/2003,1.0890482589242707,1.0818351223581562,1.0130493258243778,2.530957804241618
4/01/2003,0.9592027804593765,0.8345219755909562,0.9519028582445238,1.2650847781594583
5/01/2003,1.021196414235952,0.8884680892089624,0.7955696732686445,1.3900787685691314
6/01/2003,1.0045443299739165,0.9698373964596255,0.9060412380483908,1.3431705550140114
7/01/2003,1.0085157168286931,1.0034240182068908,0.9773813920072456,1.1990702452326971
8/01/2003,1.0120335674680228,1.0464451214400454,1.1529797447373964,16.756540608669987
9/01/2003,1.0043063867462532,1.0077238142931215,1.0072737440028419,1.4364921135639692
10/01/2003,1.003537330925585,1.0067951750088855,1.003473646785612,1.2278576620837283
11/01/2003,1.0432145875242873,0.857129626771435,0.48791219879452863,1.9985852527764651
12/01/2003,1.1541715587206802,1.2325752933998502,0.896852084157459,1.875561734290639
1/01/2004,1.0320589056479348,1.1000020969884043,0.7518109330095418,1.5705444513813935
2/01/2004,1.023724800103331,1.1041091803352572,1.3608720482237524,4.328823957956007
3/01/2004,1.226518271150513,1.2627323967132396,1.0209380463284687,14.685195186925146
4/01/2004,1.0965836375564904,1.070031670342343,0.9223042960852448,1.7751490720814591
5/01/2004,1.036791016770141,1.036162194644705,0.9229473792366184,1.4161660726844285
6/01/2004,1.0240446794918705,1.0318670751142818,0.9728828329647708,1.2794998997721925
7/01/2004,1.0165893957672947,1.0267863477236638,1.0042607419479408,1.1475162915576635
8/01/2004,1.0061524335153806,1.0129318357200954,1.0097621800415864,1.0582906593077186
9/01/2004,1.0044006186517407,1.0106157083314862,0.9932036284347947,1.0358835890723364
10/01/2004,0.958435167237137,0.7684560612595915,0.43705060660227324,0.7418650837952638
11/01/2004,1.0162875204341952,0.7971172527843642,0.31120246798060514,1.4201240681526155
12/01/2004,1.1493301825241984,1.1538178757545277,1.053071238817639,1.5325960375915606
1/01/2005,1.1029018918976201,1.156672062047837,0.7947586859900343,1.2984022964117916
2/01/2005,1.0415142284093466,1.0923190972638597,1.1167371577295164,2.9457108668336462
3/01/2005,1.0712278978172611,1.0754735419364347,0.9924140857434038,3.8451033222119015
4/01/2005,1.1010970329114365,1.0043168431825662,0.7408279796173396,2.6857709638885168
5/01/2005,0.9775126562569278,0.8514617566184849,0.625789149010462,1.1856832985530652
6/01/2005,0.9273536584697876,0.8651580241377063,0.6799416461491036,1.1005041739460397
7/01/2005,1.0180847261881898,0.9976687307610327,0.9131461720430742,1.1725322238521056
8/01/2005,1.0133699051793912,1.009030204490539,0.981978862825617,1.0997236074756518
9/01/2005,1.0028207913654368,1.0062997565763088,0.9908142491786274,1.040594740934148
10/01/2005,0.9423963029728093,0.9414752804687017,0.8266658109819597,0.9241974696054381
11/01/2005,1.0555819171308825,0.8664663964268513,0.4294331307619877,1.5920986685083915
12/01/2005,1.0878158157925626,1.2294899856946064,1.152500149430261,1.5883712626433037
1/01/2006,1.0865839492320872,1.2751755209412772,0.8341502498837015,1.8697769527754926
2/01/2006,1.0930429734177365,1.4559825017292238,1.1868604102556866,6.292737748697423
3/01/2006,1.295752357133967,2.0460052360281247,0.9087274885875348,5.3219340726433275
4/01/2006,1.0276303739827835,1.1535333711559814,0.764850490822101,1.6469179155280758
5/01/2006,0.9571197124713837,0.9369417949642076,0.8263561096728564,1.1221527448133515
6/01/2006,0.9755439035829636,0.9624956096472044,0.9180765526453791,0.9985463717439481
7/01/2006,1.0002304969557265,1.019519170987879,1.0019479072556963,1.0240604452733324
8/01/2006,1.01443945356701,1.0476284837132144,1.0607701397409057,1.0313055249539476
9/01/2006,1.010171466356521,1.0425091109950033,1.0585080129136943,1.0203580637700937
10/01/2006,0.973395946870268,0.9816630283249158,0.9613424590767558,0.964129116721443
11/01/2006,1.0617656836425948,0.8860371323910342,0.5640997725198266,1.502918466996969
12/01/2006,1.1818820778893564,1.1097950772602825,0.9245419047496999,1.9208447109227313
1/01/2007,1.0765873517579951,1.0298509379357572,0.9222705660482723,1.3594331145750882
2/01/2007,1.0329798436779853,1.117100346955002,1.3289321538922179,2.1319010216364984
3/01/2007,1.1366877350080067,1.0834579969477718,0.9965299467090682,1.6283895398909118
4/01/2007,0.9903912975476644,0.8941103601704181,0.9232386719811922,1.2194658317437035
5/01/2007,1.0031182909170206,0.9587128484341193,0.9211970754032699,1.3027228072839174
6/01/2007,1.003458701960723,1.0015341683665415,1.0014504040709327,1.1445731881459744
7/01/2007,1.0041549695920664,1.0049221172995975,1.0066366164789033,1.0590200065907251
8/01/2007,1.0027911173406263,1.004052209564639,1.007508277274893,1.0312966512320232
9/01/2007,1.0014598152086902,1.0045053577650456,0.988556286716324,1.0260604588997015
10/01/2007,0.979944690563559,0.9149041492281872,0.6398555737098919,0.8799289320660441
11/01/2007,1.0203406734828455,0.8622575290626572,0.5730005551995406,1.2952367474891988
12/01/2007,1.1444774913027969,1.1166396868555288,0.97447671281381,1.7027166006747416
1/01/2008,1.0284004980019856,1.223581139799101,0.835174592737952,1.2447080399494905
2/01/2008,1.049580305374057,1.1324734860662868,1.152507917812007,2.5174333897393573
3/01/2008,1.0915140873497262,1.1110296876658847,0.8950082844383953,3.8109103725490794
4/01/2008,1.0461842615969301,1.064859744500935,0.8568038253779862,1.4440108598178971
5/01/2008,1.013847434427483,1.029845217727319,0.8556387929952102,1.318053135280215
6/01/2008,1.0172413872675106,1.0344010222978892,0.9588155238176499,1.21368241884784
7/01/2008,1.0096905334775639,1.0235730228579942,1.0001131499756442,1.1181899130311725
8/01/2008,1.0048388632045506,1.0150959754008615,1.003583526861055,1.0405067010955857
9/01/2008,1.0071665435809345,1.0122531373111654,1.0046261340672087,1.0225971574248325
10/01/2008,0.923968551653887,0.9092224596498739,0.743770097686862,0.8340051260073913
11/01/2008,1.0379689246128603,0.8217722726665028,0.6445065968612524,1.3899687072444813
12/01/2008,1.0658193382875443,1.0283341470063894,0.8671836753573073,1.8187446314419293
1/01/2009,0.9676365723674722,1.0222081152737539,0.7645103979559743,1.4175840269319318
2/01/2009,1.0608065453147095,1.1825542371447357,1.2500558241994302,2.4911945743485124
3/01/2009,1.098104449965477,1.0833662391275374,1.0367384803458988,1.8876380375365132
4/01/2009,1.0216702610139718,0.969789183294408,0.8849742596708907,1.444691455977234
5/01/2009,0.8976553642900722,0.7896309437803968,0.9085004564586606,1.3456452810123558
6/01/2009,0.9401152435658552,0.9175149113412017,0.842313874105009,1.1837339206580524
7/01/2009,0.9992276946791284,0.9972570183937179,0.9919083541287225,1.124002707017787
8/01/2009,1.0013268038412673,0.9998969604795186,0.9956611372647132,1.0413343037915246
9/01/2009,1.0052426292503887,1.0054209876810778,0.9810005143574454,1.0330893491589357
10/01/2009,0.9092071249918047,0.758535332925041,0.5975361620270575,0.7127900853866407
11/01/2009,0.9961078459714563,0.9037023871624108,0.6477039129661637,1.234220102249737
12/01/2009,1.1070076606039991,1.0124948463503982,0.8365164257864794,2.020603245313457
1/01/2010,1.0482387431183804,1.2623922033473505,0.8272990451811593,1.2357025917237296
2/01/2010,1.0244837915501308,1.083720442371201,1.1191840268346638,2.7838405324012494
3/01/2010,1.0803205069957333,1.090403069953418,0.9041279882587918,2.50771326919217
4/01/2010,0.9948665289221964,0.8849258674656625,0.8487276619090567,1.1703719954614824
5/01/2010,1.0095168778026316,0.9629873503948422,0.6962207391986465,1.4475427988553007
6/01/2010,1.0009371877751372,0.972619202594439,0.8398742888852933,1.3537242486018586
7/01/2010,1.0003496679464525,0.994029641176221,0.9446037653152882,1.1704671219456992
8/01/2010,1.0024592025847128,1.005764067377585,0.9962022847302019,1.0686006104430565
9/01/2010,1.0018657678669702,1.004820104512485,0.9921089579157624,1.0207360594380417
10/01/2010,0.9727634513720974,0.8053895893403644,0.6890807916739139,0.7631978149380111
11/01/2010,1.0067057714421739,0.8193597227141669,0.3261620835387691,1.4781355156249392
12/01/2010,1.1083846419831698,1.232077091162451,1.0590364433791069,1.696592201175457
1/01/2011,1.0182125055015576,1.0573201418327467,0.7665448895589068,3.49905960718011
2/01/2011,1.101701965897769,1.246597212264532,1.1620354598507705,4.670372802730025
3/01/2011,1.2390824997465895,1.5760785972278317,0.6714678047219489,3.2423019987846797
4/01/2011,1.1783802719795415,1.3919925598395209,0.5793849841308143,1.8166305706059207
5/01/2011,0.962742436008455,0.9296378135340336,0.7700945304869531,0.992742699893512
6/01/2011,0.9912411276638627,0.9746790155040606,0.6158279954556505,0.7844583023329413
7/01/2011,0.986206458684607,0.9783950538113201,0.9298182838164258,0.9908275947275172
8/01/2011,0.9992850923086695,1.0093277765071307,1.0363903235404253,1.012771354670397
9/01/2011,0.9994389176600434,1.0066974593745321,1.0389844204077205,1.0065959407888656
10/01/2011,0.9444672364532253,0.8351718118429451,0.5995863837413024,0.823724304066236
11/01/2011,1.000426575586924,0.8961689355671174,0.6599192214414067,1.3982775808086887
12/01/2011,0.9987750223781978,0.9816662801990232,0.9718195743042598,1.3959544322545234
