"ID","landuse_11","landuse_14","landuse_16","landuse_18","landuse_19"
1,25,25,25,25,25
2,25,25,25,25,25
3,25,2,25,4,25
4,25,0,0,0,0
5,25,25,25,25,25
6,25,25,25,25,25
7,25,25,25,25,25
8,25,25,25,25,25
9,25,25,25,25,25
10,25,25,25,4,25
11,25,25,25,25,25
12,25,25,0,25,2
13,25,0,0,0,0
14,25,25,25,25,2
15,25,0,3,4,2
16,25,25,25,25,25
17,25,25,25,25,25
18,25,2,2,2,2
19,25,25,25,25,25
20,25,25,25,25,25
21,25,2,25,0,25
22,25,25,25,25,25
23,25,0,3,4,4
24,25,2,2,2,2
25,25,0,2,2,2
26,25,25,25,25,25
27,25,0,2,2,4
28,25,25,25,25,25
29,25,25,25,25,25
30,25,2,2,2,2
31,25,25,25,25,25
32,25,25,25,25,25
33,25,25,3,4,4
34,25,25,25,25,25
35,25,25,25,25,25
36,25,25,25,25,25
37,25,2,25,25,2
38,25,25,25,25,25
39,25,0,0,25,25
40,25,25,25,25,25
41,25,25,25,25,25
42,25,25,25,25,25
43,25,25,25,25,25
44,25,25,25,25,25
45,25,25,25,25,25
46,25,25,25,25,25
47,25,0,2,4,2
48,25,2,2,2,2
49,25,0,0,0,0
50,25,0,0,0,0
51,25,0,0,0,0
52,25,25,25,25,25
53,25,25,25,3,25
54,25,0,25,25,25
55,25,25,25,25,25
56,25,25,25,25,25
57,25,2,2,25,25
58,25,0,0,0,0
59,25,25,25,25,25
60,25,25,2,25,25
61,25,25,25,25,2
62,25,25,25,25,25
63,25,25,25,25,25
64,25,25,25,25,25
65,25,25,25,25,2
66,25,25,25,25,25
67,25,25,25,25,25
68,25,25,25,2,2
69,25,0,0,0,0
70,25,25,25,25,25
71,25,25,25,25,25
72,25,25,25,25,25
73,25,2,2,25,25
74,25,25,25,25,25
75,25,25,25,25,25
76,25,0,0,0,0
77,25,25,25,25,25
78,25,25,25,25,25
79,25,0,0,0,0
80,25,25,25,25,25
81,25,25,2,25,0
82,25,25,25,25,25
83,25,25,2,2,2
84,25,2,2,2,2
85,25,2,25,4,4
86,25,25,25,25,25
87,25,25,25,25,2
88,25,25,25,25,25
89,25,0,0,0,0
90,25,0,0,0,0
91,25,25,25,25,25
92,25,25,25,25,25
93,25,25,25,25,25
94,25,0,2,2,4
95,25,25,25,25,2
96,25,25,2,2,25
97,25,25,2,2,2
98,25,0,0,0,0
99,25,0,3,4,4
100,25,25,25,25,25
101,25,25,25,25,25
102,25,25,25,25,25
103,25,25,25,25,25
104,25,25,25,25,25
105,25,25,25,2,25
106,25,25,2,25,2
107,25,0,3,4,2
108,25,2,2,2,2
109,25,25,25,25,25
110,25,25,25,25,25
111,25,0,25,25,25
112,25,2,2,25,25
113,25,0,2,2,4
114,25,25,25,25,25
115,25,25,25,25,25
116,25,0,0,0,0
117,25,25,2,4,4
118,25,25,25,25,25
119,25,2,25,4,25
120,25,0,0,0,0
121,25,0,25,25,25
122,25,25,25,25,25
123,25,0,0,0,0
124,25,2,2,2,2
125,25,0,0,0,0
126,25,3,2,2,4
127,25,0,0,0,0
128,25,0,0,0,0
129,25,2,25,25,25
130,25,25,25,25,25
131,25,25,25,25,25
132,25,2,25,25,4
133,25,25,2,25,25
134,25,25,25,25,25
135,25,25,25,25,25
136,25,25,2,2,25
137,25,25,25,25,25
138,25,25,25,25,25
139,25,25,2,2,2
140,25,0,3,4,4
141,25,25,25,25,25
142,25,25,25,25,25
143,25,25,25,0,0
144,25,25,25,25,2
145,25,25,25,25,25
146,25,25,25,25,25
147,25,0,0,0,0
148,25,25,25,25,25
149,25,25,25,25,25
150,25,0,3,4,2
151,25,0,0,0,0
152,25,25,25,25,25
153,25,25,25,25,25
154,25,25,3,25,25
155,25,25,25,25,25
156,25,0,0,0,0
157,25,25,25,25,25
158,25,25,25,25,25
159,25,25,2,25,2
160,25,25,25,25,25
161,25,25,25,25,25
162,25,25,3,4,4
163,25,2,2,2,2
164,25,25,25,25,25
165,25,2,3,4,4
166,25,25,2,2,25
167,25,25,25,25,2
168,25,25,25,25,25
169,25,0,2,4,4
170,25,25,25,25,25
171,25,2,2,2,2
172,25,0,2,2,2
173,25,25,25,25,25
174,25,0,2,2,4
175,25,25,25,25,25
176,25,2,25,25,0
177,25,3,25,4,25
178,25,25,25,25,25
179,25,25,25,25,25
180,25,25,25,25,25
181,25,25,2,25,25
182,25,25,25,25,0
183,25,25,25,25,25
184,25,0,0,0,0
185,25,25,25,25,25
186,25,25,25,25,2
187,25,25,25,25,25
188,25,2,2,4,4
189,25,25,25,25,25
190,25,2,25,25,2
191,25,25,25,25,25
192,25,25,25,25,25
193,25,0,0,0,0
194,25,2,2,2,2
195,25,0,0,0,0
196,25,0,0,0,0
197,25,2,2,4,4
198,25,25,2,2,25
199,25,0,2,2,2
200,25,25,25,25,25
201,25,25,25,25,25
202,25,25,2,25,25
203,25,0,0,0,0
204,25,2,3,4,4
205,25,25,25,2,25
206,25,25,25,25,2
207,25,0,0,0,0
208,25,0,3,4,2
209,25,2,2,2,2
210,25,25,3,3,3
211,25,25,25,25,25
212,25,25,25,25,25
213,25,0,0,0,0
214,25,0,2,2,2
215,25,0,2,2,4
216,25,0,0,0,0
217,25,25,25,25,25
218,25,25,25,25,25
219,25,25,25,25,25
220,25,25,25,25,25
221,25,2,2,25,25
222,25,0,0,0,0
223,25,25,25,25,25
224,25,2,2,2,2
225,25,25,25,25,25
226,25,25,25,25,25
227,25,25,25,25,25
228,25,25,2,25,25
229,25,0,0,0,0
230,25,25,25,25,2
231,25,0,3,4,2
232,25,2,25,25,25
233,25,25,25,25,25
234,25,0,0,0,0
235,25,25,25,25,25
236,25,25,25,25,25
237,25,25,25,25,25
238,25,0,0,0,0
239,25,25,25,25,25
240,25,25,25,25,25
241,25,25,25,4,4
242,25,25,25,25,25
243,25,0,2,2,25
244,25,0,0,0,0
245,25,25,25,25,25
246,25,25,25,25,25
247,25,25,25,25,25
248,25,2,2,2,2
249,25,0,0,0,0
250,25,25,25,25,25
251,25,25,25,25,25
252,25,25,25,25,25
253,25,0,2,2,25
254,25,25,25,25,25
255,25,0,0,0,0
256,25,25,25,25,25
257,25,25,25,25,25
258,25,25,25,25,2
259,25,25,25,25,25
260,25,25,25,25,25
261,25,2,2,2,2
262,25,25,25,25,25
263,25,25,25,4,4
264,25,25,25,25,25
265,25,0,2,2,2
266,25,25,25,25,25
267,25,0,0,0,0
268,25,25,25,25,2
269,25,25,2,4,25
270,25,25,25,25,25
271,25,25,25,25,25
272,25,25,25,25,25
273,25,25,25,25,25
274,25,2,2,4,25
275,25,25,25,25,25
276,25,25,25,25,2
277,25,0,0,0,0
278,25,25,25,25,25
279,25,25,25,25,25
280,25,25,25,25,25
281,4,0,0,0,0
282,25,0,0,0,0
283,25,0,0,0,0
284,25,25,25,25,25
285,25,25,25,25,25
286,25,25,2,2,2
287,25,25,25,25,25
288,25,25,25,25,25
289,25,25,25,25,25
290,25,0,0,0,0
291,25,25,25,25,25
292,25,2,2,2,4
293,25,25,25,25,25
294,25,25,25,25,25
295,25,25,25,25,25
296,25,25,25,2,2
297,25,0,2,4,4
298,25,25,25,25,25
299,25,25,25,25,25
300,25,25,25,25,25
301,25,25,25,25,25
302,25,25,25,25,25
303,25,25,2,2,25
304,25,25,25,25,25
305,25,0,3,4,4
306,25,0,3,4,4
307,25,0,2,2,4
308,25,25,25,25,25
309,25,25,25,25,25
310,25,25,25,25,25
311,25,25,25,25,25
312,25,25,25,25,25
313,25,0,2,2,2
314,25,25,2,25,25
315,25,25,25,25,25
316,25,25,25,25,25
317,25,25,25,25,25
318,25,25,25,25,2
319,25,0,0,0,0
320,25,0,0,0,0
321,25,0,0,0,0
322,25,25,25,25,25
323,25,25,25,25,25
324,25,0,0,0,0
325,25,25,25,25,25
326,25,25,25,25,25
327,25,25,25,25,25
328,25,25,25,25,2
329,25,0,0,0,0
330,25,3,25,2,2
331,25,25,25,25,25
332,25,25,25,25,25
333,25,25,25,25,25
334,25,25,25,25,25
335,25,25,25,2,2
336,25,0,0,0,0
337,25,25,2,2,2
338,25,2,2,25,25
339,25,25,3,25,4
340,25,25,25,25,25
341,25,25,25,25,0
342,25,25,2,25,25
343,25,0,3,25,25
344,25,25,25,25,25
345,25,25,25,25,25
346,25,25,25,25,25
347,25,25,25,25,25
348,25,25,25,25,25
349,25,2,2,2,25
350,25,2,2,2,2
351,25,25,25,25,25
352,25,0,3,4,2
353,25,25,25,25,25
354,25,25,25,25,25
355,25,0,0,0,0
356,25,25,25,25,25
357,25,25,25,25,25
358,25,25,25,25,25
359,25,2,25,25,25
360,25,25,25,2,25
361,25,25,25,25,25
362,25,25,25,25,25
363,25,25,25,2,2
364,25,25,25,25,25
365,25,0,0,0,0
366,25,0,0,0,0
367,25,3,25,25,25
368,25,25,25,25,25
369,25,25,25,25,25
370,25,25,0,25,2
371,25,25,25,25,25
372,25,2,25,25,2
373,25,3,25,2,2
374,25,25,2,4,2
375,25,25,3,2,25
376,25,25,25,2,25
377,25,0,0,0,0
378,25,0,0,0,0
379,25,25,2,2,25
380,25,0,0,0,0
381,25,25,25,25,25
382,25,25,25,25,25
383,25,25,25,25,25
384,25,25,25,25,25
385,25,25,25,25,2
386,25,25,25,25,2
387,25,25,2,25,2
388,25,25,25,25,25
389,25,0,3,2,2
390,25,25,25,25,25
391,25,0,3,4,2
392,25,25,25,25,2
393,25,25,25,25,25
394,25,25,25,25,25
395,25,25,25,25,25
396,25,0,0,0,0
397,25,25,25,25,25
398,25,0,0,0,0
399,25,3,25,4,25
400,25,0,25,2,25
401,25,25,2,25,2
402,25,0,2,2,4
403,25,25,25,25,25
404,25,0,0,0,0
405,25,25,25,25,25
406,25,3,25,25,25
407,25,25,25,25,25
408,25,25,25,25,25
409,25,25,25,4,2
410,25,2,2,2,2
411,25,25,25,25,25
412,25,25,25,25,25
413,25,25,25,25,25
414,25,25,25,25,25
415,25,25,2,2,2
416,25,2,2,2,25
417,25,25,2,25,25
418,25,25,25,25,2
419,25,0,0,0,0
420,25,25,25,25,25
421,25,0,0,0,0
422,25,25,25,25,25
423,25,25,25,25,25
424,25,25,25,25,25
425,25,2,3,25,25
426,25,25,2,25,25
427,25,25,25,25,25
428,25,25,25,25,25
429,25,25,25,25,25
430,25,25,25,25,25
431,25,25,25,25,25
432,25,25,25,25,25
433,25,25,25,25,2
434,25,25,25,25,25
435,25,0,0,0,0
436,25,25,25,2,25
437,25,2,25,25,25
438,25,25,0,25,25
439,25,25,0,25,2
440,25,25,25,25,25
441,25,0,2,2,2
442,25,25,25,25,25
443,25,0,0,0,0
444,25,2,25,25,25
445,25,25,25,25,2
446,25,0,3,4,2
447,25,25,25,25,25
448,25,0,0,0,0
449,25,2,25,25,2
450,25,0,0,0,0
451,25,25,25,25,25
452,25,25,25,25,25
453,25,2,25,2,25
454,25,25,25,25,25
455,25,25,25,25,25
456,25,25,25,25,25
457,25,2,2,2,2
458,25,25,25,25,25
459,25,25,25,25,25
460,25,25,25,25,25
461,25,25,25,25,25
462,25,25,25,25,25
463,25,25,25,25,2
464,25,2,2,2,2
465,25,25,25,25,25
466,25,25,25,25,2
467,25,25,25,25,25
468,25,25,25,25,25
469,25,25,2,2,25
470,25,2,25,25,2
471,25,0,2,2,4
472,25,0,2,4,4
473,25,0,2,2,4
474,25,25,25,25,25
475,25,2,25,2,2
476,25,25,25,25,25
477,25,25,25,25,25
478,25,25,2,4,2
479,25,25,25,25,2
480,25,25,25,25,25
481,25,25,25,25,25
482,25,25,25,25,25
483,25,25,25,2,25
484,25,25,25,25,25
485,25,2,25,2,25
486,25,0,0,0,0
487,25,25,25,25,25
488,25,25,3,4,4
489,25,25,25,25,25
490,25,25,25,25,25
491,25,25,2,25,25
492,25,3,3,4,4
493,25,25,25,25,25
494,25,25,25,25,25
495,25,25,25,25,25
496,25,25,25,25,25
497,25,25,25,25,25
498,25,2,25,25,2
499,25,25,2,25,25
500,25,25,25,2,25
501,25,25,25,25,25
502,25,0,0,0,0
503,25,25,3,2,25
504,25,25,25,25,25
505,25,0,2,2,2
506,25,2,25,25,25
507,25,25,25,25,25
508,25,0,2,4,2
509,25,25,25,25,25
510,25,0,25,25,25
511,25,0,3,4,2
512,25,25,25,25,25
513,25,25,25,25,25
514,25,25,25,25,25
515,25,25,25,25,25
516,25,0,2,2,2
517,25,25,25,25,25
518,25,25,25,25,25
519,25,25,25,25,2
520,25,25,25,2,25
521,25,25,25,25,25
522,25,25,25,25,2
523,25,0,0,0,0
524,25,25,25,25,25
525,25,25,25,25,2
526,25,25,25,4,4
527,25,2,25,25,25
528,25,25,3,25,4
529,25,25,25,25,25
530,25,0,0,0,0
531,25,25,25,25,25
532,25,0,25,25,25
533,25,25,25,25,25
534,25,25,25,25,25
535,25,25,25,25,25
536,25,25,25,25,25
537,25,25,25,25,25
538,25,25,25,25,25
539,25,25,2,2,25
540,25,2,25,2,2
541,25,0,0,0,0
542,25,0,0,0,0
543,25,25,25,25,25
544,25,25,25,25,25
545,25,0,0,0,0
546,25,2,25,25,4
547,25,25,25,25,25
548,25,0,3,4,2
549,25,25,25,25,2
550,25,0,0,0,0
551,25,0,0,0,0
552,25,25,25,25,25
553,25,25,25,25,25
554,25,25,25,2,25
555,25,25,25,25,25
556,25,25,25,25,25
557,25,25,25,25,25
558,25,25,2,2,2
559,25,25,25,25,25
560,25,25,25,25,25
561,25,25,25,25,25
562,25,25,25,25,25
563,25,25,25,25,25
564,25,25,25,25,25
565,25,25,25,25,25
566,25,25,25,25,25
567,25,25,25,25,25
568,25,25,25,25,25
569,25,2,2,0,2
570,25,0,2,4,2
571,25,0,25,25,25
572,25,2,25,25,25
573,25,25,25,25,2
574,25,25,25,25,25
575,25,2,2,2,2
576,25,25,2,4,2
577,25,3,2,2,2
578,25,25,25,25,25
579,25,25,25,25,25
580,25,25,25,25,25
581,25,25,25,25,2
582,25,25,25,25,2
583,25,25,25,25,25
584,25,25,25,25,2
585,25,25,25,25,25
586,25,25,25,25,25
587,25,3,2,2,4
588,25,25,25,25,25
589,25,25,25,25,25
590,25,25,25,25,25
591,25,25,25,25,25
592,25,25,25,25,25
593,25,25,25,25,25
594,25,0,0,0,0
595,25,25,25,25,25
596,25,25,25,25,25
597,25,3,3,3,3
598,25,0,0,0,0
599,25,2,2,2,25
600,25,25,2,25,2
601,25,0,0,4,25
602,25,25,25,25,25
603,25,25,25,25,25
604,25,25,25,25,25
605,25,0,2,2,2
606,25,25,25,25,25
607,25,0,2,2,2
608,25,0,0,0,0
609,25,0,0,0,0
610,25,25,25,25,25
611,25,2,2,2,2
612,25,0,3,4,2
613,25,0,25,4,25
614,25,0,0,0,0
615,25,25,25,0,25
616,25,0,3,2,2
617,25,25,25,25,2
618,25,25,25,25,25
619,25,25,2,2,2
620,25,25,25,25,25
621,25,25,25,2,2
622,25,0,0,0,0
623,25,0,25,25,25
624,25,2,3,4,4
625,25,0,0,0,0
626,25,25,25,25,25
627,25,25,25,25,25
628,25,2,25,25,25
629,25,0,25,25,25
630,25,2,25,25,25
631,25,25,0,0,0
632,25,0,0,0,0
633,25,25,25,25,25
634,25,25,25,25,25
635,25,25,25,25,25
636,25,0,0,0,0
637,25,25,25,25,25
638,25,25,25,25,2
639,25,25,2,4,2
640,25,25,25,25,25
641,25,25,25,25,25
642,25,3,2,2,25
643,25,25,3,25,25
644,25,25,25,25,25
645,25,25,25,25,2
646,25,0,0,0,0
647,25,25,25,25,25
648,25,25,25,25,25
649,25,25,25,0,0
650,25,25,25,25,25
651,25,25,25,25,25
652,25,0,0,0,0
653,25,25,2,2,2
654,25,25,2,2,25
655,25,0,0,0,0
656,25,0,3,4,2
657,25,25,25,25,25
658,25,25,25,25,25
659,25,25,25,25,25
660,25,25,25,25,25
661,25,25,2,2,25
662,25,25,25,25,25
663,25,25,25,25,25
664,25,2,25,2,25
665,25,25,25,25,2
666,25,0,2,2,2
667,25,25,25,25,25
668,25,25,25,25,25
669,25,25,25,25,25
670,25,2,3,4,4
671,25,25,25,25,25
672,25,25,25,25,25
673,25,25,25,25,25
674,25,3,25,25,25
675,25,25,25,25,25
676,25,25,25,25,25
677,25,25,25,25,25
678,25,25,25,25,25
679,25,25,25,25,25
680,25,25,25,25,25
681,25,25,25,25,25
682,25,2,2,2,2
683,25,25,25,25,25
684,25,0,0,0,0
685,25,2,25,25,2
686,25,0,3,4,2
687,25,25,2,25,4
688,25,25,25,25,25
689,25,25,25,3,25
690,25,25,25,25,25
691,25,0,3,4,4
692,25,2,2,4,25
693,25,25,25,25,25
694,25,25,25,25,25
695,25,25,25,25,25
696,25,0,2,4,4
697,25,25,25,4,25
698,25,2,2,2,2
699,25,2,2,2,2
700,25,2,2,2,2
701,25,0,2,2,2
702,25,0,2,2,2
703,25,0,0,0,0
704,25,25,25,25,25
705,25,25,2,2,25
706,25,25,25,2,25
707,25,25,25,25,25
708,25,25,25,25,25
709,25,25,25,25,25
710,25,25,25,25,25
711,3,0,0,0,2
712,3,0,0,0,0
713,3,0,0,0,0
714,3,0,0,0,0
715,3,0,0,0,0
716,3,0,0,0,0
717,3,0,0,0,0
718,3,0,0,0,0
719,3,0,0,0,0
720,3,0,0,0,0
721,3,0,0,0,0
722,3,0,2,2,2
723,3,0,0,0,0
724,3,0,0,0,0
725,3,0,0,0,0
726,3,0,0,0,0
727,3,0,0,0,0
728,3,0,0,0,0
729,3,0,0,0,0
730,3,0,0,0,0
731,3,0,0,0,0
732,3,0,0,0,0
733,3,0,0,0,0
734,3,0,0,0,0
735,3,0,0,0,0
736,3,0,0,0,0
737,3,0,0,0,0
738,3,0,0,0,0
739,3,0,0,0,0
740,3,25,25,25,25
741,3,0,0,0,0
742,3,0,2,2,2
743,3,0,0,0,0
744,3,0,0,0,0
745,3,0,2,2,4
746,3,0,0,0,0
747,25,25,25,25,25
748,3,0,0,0,0
749,3,0,0,0,0
750,3,0,0,0,0
751,3,0,0,0,0
752,3,0,0,0,0
753,3,0,0,0,0
754,3,0,0,0,0
755,3,0,0,0,0
756,3,0,0,0,0
757,3,0,0,0,0
758,3,0,0,0,0
759,3,0,0,0,0
760,3,0,0,0,0
761,3,0,0,0,0
762,3,0,0,0,0
763,3,0,0,0,0
764,3,0,0,0,0
765,3,0,0,0,0
766,3,25,25,25,25
767,3,0,0,0,0
768,3,0,0,0,0
769,3,2,2,2,2
770,3,0,0,0,0
771,3,0,0,0,0
772,3,0,0,0,0
773,3,0,0,0,0
774,3,25,2,2,2
775,3,25,25,25,25
776,3,0,2,4,2
777,3,0,0,0,0
778,3,0,0,0,0
779,3,0,0,0,0
780,3,0,0,0,0
781,3,0,0,0,0
782,3,0,0,0,0
783,3,0,0,0,0
784,3,0,0,0,0
785,3,0,0,0,0
786,3,0,0,0,0
787,3,25,25,25,25
788,3,25,25,25,25
789,3,0,0,0,0
790,3,0,0,0,0
791,3,0,0,0,0
792,3,0,0,0,0
793,3,0,0,0,0
794,3,0,0,0,0
795,3,0,0,0,0
796,3,0,0,0,0
797,3,0,0,0,0
798,3,0,0,0,0
799,3,0,0,0,0
800,3,0,0,0,0
801,3,0,0,0,0
802,3,0,0,0,0
803,3,0,0,0,0
804,3,0,0,0,0
805,3,0,0,0,0
806,3,0,0,0,0
807,3,0,0,0,0
808,3,0,0,0,0
809,3,0,0,0,0
810,3,0,0,0,0
811,3,25,25,25,25
812,3,0,2,2,4
813,3,0,0,0,0
814,3,0,0,0,0
815,3,0,0,0,0
816,3,0,0,0,0
817,3,0,0,0,0
818,3,0,0,0,0
819,3,0,0,0,0
820,3,0,0,0,0
821,3,0,0,0,0
822,3,0,0,0,0
823,3,0,0,0,0
824,3,0,0,0,0
825,3,0,0,0,0
826,3,0,0,0,0
827,3,2,2,2,2
828,3,0,0,25,4
829,3,0,0,0,0
830,3,0,0,0,0
831,3,0,0,0,0
832,3,0,0,0,0
833,3,0,0,0,0
834,3,0,0,0,0
835,3,0,0,0,0
836,3,0,0,0,0
837,3,0,0,0,0
838,3,0,0,0,0
839,3,0,0,0,0
840,3,0,0,0,0
841,3,0,0,0,0
842,3,0,0,0,0
843,3,0,0,0,0
844,3,0,0,0,0
845,3,0,0,0,0
846,3,25,25,25,25
847,3,0,0,0,0
848,3,25,25,25,25
849,3,0,0,0,0
850,3,0,0,0,0
851,3,0,0,0,0
852,3,0,0,0,0
853,3,0,0,0,0
854,3,0,0,0,0
855,3,0,0,0,0
856,3,0,0,0,0
857,3,0,0,0,0
858,3,0,0,0,0
859,3,0,0,0,0
860,3,0,0,0,0
861,3,0,0,0,0
862,3,0,0,0,0
863,3,0,0,0,0
864,3,0,0,0,0
865,3,0,0,0,0
866,3,0,0,25,4
867,3,0,2,25,25
868,3,2,2,25,25
869,3,0,0,0,0
870,3,0,0,0,0
871,3,0,0,0,0
872,3,0,0,0,0
873,25,25,25,25,25
874,3,0,0,0,0
875,3,0,0,0,0
876,3,0,0,0,0
877,3,0,0,0,0
878,3,0,0,0,0
879,3,0,0,0,0
880,3,0,0,0,0
881,3,0,0,0,0
882,3,0,2,2,4
883,3,0,0,25,0
884,3,0,0,0,0
885,3,0,0,0,0
886,3,0,0,0,0
887,3,0,0,0,0
888,3,0,0,0,0
889,3,0,0,0,0
890,3,4,4,4,4
891,3,0,0,0,0
892,3,0,0,0,0
893,3,0,0,0,0
894,3,0,0,0,0
895,3,0,0,0,0
896,3,0,0,0,0
897,3,0,0,0,0
898,3,0,0,0,0
899,3,0,0,0,0
900,3,0,0,0,0
901,3,0,0,0,0
902,3,0,0,0,0
903,3,0,0,0,0
904,3,0,0,0,0
905,3,0,0,0,0
906,3,0,0,0,0
907,3,0,0,0,0
908,3,0,0,0,0
909,3,0,0,0,0
910,3,0,0,0,0
911,3,0,0,0,0
912,3,0,0,0,0
913,3,0,0,0,0
914,3,0,0,0,0
915,3,0,0,0,0
916,3,25,25,25,25
917,3,0,0,0,0
918,3,0,0,0,0
919,3,0,0,0,0
920,3,0,0,25,25
921,3,0,0,0,0
922,3,0,0,0,0
923,25,25,25,25,25
924,3,0,0,0,0
925,3,0,0,0,0
926,3,0,0,0,0
927,3,0,0,0,0
928,3,0,0,0,0
929,3,0,0,0,0
930,3,0,0,0,0
931,25,0,0,0,0
932,3,0,0,0,0
933,3,0,0,0,0
934,3,0,0,0,0
935,3,0,0,0,0
936,3,0,0,0,0
937,3,0,0,0,0
938,3,0,0,0,0
939,3,0,0,0,0
940,3,25,2,25,25
941,3,0,0,0,0
942,3,0,0,0,0
943,3,0,0,0,0
944,3,0,0,0,0
945,3,0,0,0,0
946,3,0,0,0,0
947,3,0,0,0,0
948,3,0,0,0,0
949,3,0,0,0,0
950,3,0,0,0,0
951,3,0,0,0,0
952,3,0,0,0,0
953,3,0,0,0,0
954,3,0,0,0,0
955,3,0,0,0,0
956,3,0,0,0,0
957,3,0,0,0,0
958,3,0,0,0,0
959,3,0,2,2,25
960,3,0,0,0,0
961,3,0,2,2,2
962,3,0,0,0,0
963,3,0,0,0,0
964,3,0,0,0,0
965,3,0,2,2,2
966,3,0,0,0,0
967,3,0,0,0,0
968,3,0,0,0,0
969,3,0,0,0,0
970,3,0,0,0,0
971,3,0,0,0,0
972,3,0,0,0,0
973,3,0,0,0,0
974,3,4,4,4,4
975,3,0,4,4,4
976,3,0,4,4,4
977,3,4,4,4,4
978,3,0,0,0,0
979,3,4,4,4,4
980,3,0,0,0,0
981,3,4,4,4,4
982,3,0,0,0,0
983,3,2,2,2,2
984,3,0,0,0,0
985,3,4,4,4,4
986,3,0,0,0,0
987,3,0,0,0,0
988,3,0,0,0,0
989,3,0,0,0,0
990,3,0,0,0,0
991,3,0,0,0,0
992,3,0,0,0,0
993,3,0,0,0,0
994,3,0,0,0,0
995,3,0,2,0,2
996,3,0,0,0,0
997,3,0,0,0,0
998,3,0,0,0,0
999,3,0,0,0,0
1000,3,0,0,0,0
1001,3,0,2,2,2
1002,3,0,2,2,2
1003,3,0,2,2,2
1004,3,2,2,0,2
1005,3,0,0,0,0
1006,3,0,0,0,0
1007,3,0,0,0,0
1008,3,25,25,25,25
1009,3,0,0,0,0
1010,3,0,0,0,0
1011,3,0,0,0,0
1012,3,0,0,0,0
1013,3,0,0,0,0
1014,3,0,0,0,0
1015,3,0,0,0,0
1016,3,0,0,0,0
1017,3,0,0,0,0
1018,3,0,0,0,0
1019,3,0,0,2,2
1020,3,0,2,0,0
1021,3,0,0,0,0
1022,3,25,2,2,25
1023,3,0,2,0,2
1024,3,0,2,2,2
1025,3,0,0,0,0
1026,3,2,2,2,2
1027,3,0,0,0,0
1028,3,2,2,2,2
1029,3,0,0,0,0
1030,3,0,0,0,0
1031,3,0,0,0,0
1032,3,0,0,0,0
1033,3,0,2,2,2
1034,3,0,0,0,0
1035,3,0,0,0,0
1036,3,0,0,0,0
1037,3,0,0,2,2
1038,3,0,0,0,0
1039,3,0,0,0,0
1040,3,0,0,0,0
1041,3,2,2,2,2
1042,3,0,0,0,0
1043,3,0,0,0,0
1044,3,0,0,0,0
1045,3,0,2,2,2
1046,3,25,2,2,2
1047,3,0,0,0,0
1048,3,0,0,0,0
1049,3,0,0,0,0
1050,3,0,0,0,0
1051,3,0,0,0,0
1052,3,0,0,0,0
1053,3,0,0,0,0
1054,3,0,0,0,0
1055,3,0,0,0,0
1056,3,0,0,0,0
1057,3,0,0,0,0
1058,3,0,0,0,0
1059,3,0,0,0,0
1060,3,25,25,25,25
1061,3,0,0,0,0
1062,3,2,2,2,2
1063,3,0,0,0,0
1064,3,0,0,0,0
1065,3,0,0,0,0
1066,3,0,0,0,0
1067,3,25,25,25,25
1068,3,0,0,0,0
1069,3,0,0,0,0
1070,3,0,0,0,0
1071,3,0,0,0,0
1072,3,0,0,0,0
1073,3,0,0,0,0
1074,3,3,2,2,4
1075,3,0,0,0,0
1076,3,0,0,0,0
1077,3,0,0,0,0
1078,3,25,25,25,2
1079,3,0,0,0,0
1080,3,0,0,0,0
1081,3,0,0,0,0
1082,3,0,0,0,0
1083,3,0,0,0,0
1084,3,0,0,0,0
1085,3,0,0,0,0
1086,3,0,0,0,0
1087,3,0,0,0,0
1088,4,0,0,0,0
1089,4,0,0,0,0
1090,4,0,0,0,0
1091,4,0,0,0,0
1092,4,0,0,0,0
1093,4,0,0,0,0
1094,4,0,0,0,0
1095,4,0,0,0,0
1096,4,0,0,0,0
1097,4,0,0,0,0
1098,4,0,0,0,0
1099,4,0,0,0,0
1100,4,0,0,0,0
1101,4,0,0,0,0
1102,4,0,0,0,0
1103,4,0,0,0,0
1104,4,0,0,0,0
1105,4,0,0,0,0
1106,4,0,0,0,0
1107,4,0,0,0,0
1108,4,0,0,0,0
1109,4,0,0,0,0
1110,4,0,0,0,0
1111,4,0,0,0,0
1112,4,0,0,0,0
1113,4,0,0,0,0
1114,4,0,0,0,0
1115,4,0,0,0,0
1116,4,0,0,0,0
1117,4,0,0,0,0
1118,4,0,0,0,0
1119,4,0,0,0,0
1120,4,0,0,0,0
1121,4,0,0,0,0
1122,4,0,0,0,0
1123,4,0,0,0,0
1124,4,0,0,0,0
1125,4,0,0,0,0
1126,4,0,0,0,0
1127,4,0,0,0,0
1128,4,0,0,0,0
1129,4,0,0,0,0
1130,4,0,0,0,0
1131,4,0,0,0,0
1132,4,0,0,0,0
1133,4,0,0,0,0
1134,4,25,25,25,25
1135,4,0,0,0,0
1136,4,0,0,0,0
1137,4,0,0,0,0
1138,4,0,0,0,0
1139,4,0,0,0,0
1140,4,0,0,0,0
1141,4,0,0,0,0
1142,4,0,0,0,0
1143,4,0,0,0,0
1144,4,0,3,4,2
1145,4,0,0,0,0
1146,4,0,0,0,0
1147,4,0,0,0,0
1148,4,0,0,0,0
1149,4,0,0,0,0
1150,4,0,0,0,0
1151,4,0,0,0,0
1152,4,0,0,0,0
1153,4,0,0,0,0
1154,4,0,0,0,0
1155,4,0,0,0,0
1156,4,0,0,0,0
1157,4,0,0,0,0
1158,4,0,0,0,0
1159,4,0,0,0,0
1160,4,0,0,0,0
1161,4,0,0,0,0
1162,4,0,0,0,0
1163,4,0,0,0,0
1164,4,0,0,0,0
1165,4,0,0,0,0
1166,4,0,0,0,0
1167,4,0,0,0,0
1168,4,0,0,0,0
1169,4,0,0,0,0
1170,4,0,0,0,0
1171,4,0,0,0,0
1172,4,0,0,0,0
1173,4,0,0,0,0
1174,4,0,2,2,2
1175,4,0,0,0,0
1176,4,0,0,0,0
1177,4,0,0,0,0
1178,4,0,0,0,0
1179,4,0,0,0,0
1180,4,0,0,0,0
1181,4,0,0,0,0
1182,4,0,0,0,0
1183,4,0,0,0,0
1184,4,0,0,0,0
1185,4,0,0,0,0
1186,4,0,0,0,0
1187,4,0,0,0,0
1188,4,0,0,0,0
1189,4,0,0,0,0
1190,4,0,0,0,0
1191,4,0,0,0,0
1192,4,0,0,0,0
1193,4,0,0,0,0
1194,4,0,0,0,0
1195,4,0,0,0,0
1196,4,0,0,0,0
1197,4,0,0,0,0
1198,4,0,0,0,0
1199,4,0,0,0,0
1200,4,0,0,0,0
1201,4,0,0,0,0
1202,4,0,0,0,0
1203,4,0,0,0,0
1204,4,0,0,0,0
1205,4,0,0,0,0
1206,4,0,0,0,0
1207,4,0,0,0,0
1208,4,0,0,0,0
1209,4,0,0,0,0
1210,4,0,0,0,0
1211,4,0,0,0,0
1212,4,0,0,0,0
1213,4,0,0,0,0
1214,4,0,0,0,0
1215,4,0,0,0,0
1216,4,0,0,0,0
1217,4,0,0,0,0
1218,4,0,0,0,0
1219,4,0,0,0,0
1220,4,0,0,0,0
1221,4,0,0,0,0
1222,4,0,0,0,0
1223,4,0,0,0,0
1224,4,25,3,2,25
1225,4,0,0,0,0
1226,4,0,0,0,0
1227,4,0,0,0,0
1228,4,0,0,0,0
1229,4,0,0,0,0
1230,4,0,0,0,0
1231,4,0,0,0,0
1232,4,0,0,0,0
1233,4,0,0,0,0
1234,4,0,0,0,0
1235,4,0,0,0,0
1236,4,0,0,0,0
1237,4,0,0,0,0
1238,4,0,0,0,0
1239,4,0,0,0,0
1240,4,2,2,2,2
1241,4,0,0,0,0
1242,4,0,0,0,0
1243,4,0,0,0,0
1244,4,0,0,0,0
1245,4,0,0,0,0
1246,4,0,0,0,0
1247,4,0,0,0,0
1248,4,0,0,0,0
1249,4,0,0,0,0
1250,4,0,0,0,0
1251,4,0,0,0,0
1252,4,0,0,0,0
1253,4,0,0,0,0
1254,4,0,0,0,0
1255,4,0,2,2,2
1256,4,0,0,0,0
1257,4,0,0,0,0
1258,4,0,0,0,0
1259,4,0,0,0,0
1260,4,0,0,0,0
1261,4,0,0,0,0
1262,4,0,0,0,0
1263,4,0,0,0,0
1264,4,0,0,0,0
1265,4,0,0,0,0
1266,4,0,0,0,0
1267,4,0,0,0,0
1268,4,0,0,0,0
1269,4,0,0,0,0
1270,4,0,0,0,0
1271,4,0,0,0,0
1272,4,0,0,0,0
1273,4,0,0,0,0
1274,4,0,0,0,0
1275,4,0,0,0,0
1276,4,0,0,0,0
1277,4,0,0,0,0
1278,4,0,0,0,0
1279,4,0,0,0,0
1280,4,0,0,0,0
1281,4,0,0,0,0
1282,4,4,4,4,4
1283,4,0,0,0,0
1284,4,0,0,0,0
1285,4,4,4,4,4
1286,4,0,0,0,0
1287,4,0,0,0,0
1288,4,0,0,0,0
1289,4,0,0,0,0
1290,4,0,4,4,4
1291,4,0,0,0,0
1292,4,0,0,0,0
1293,4,0,0,0,0
1294,4,0,0,0,0
1295,4,0,0,0,0
1296,4,0,0,0,0
1297,4,0,0,0,0
1298,4,0,0,0,0
1299,4,0,0,0,0
1300,4,0,0,0,0
1301,4,0,0,0,0
1302,4,0,0,0,0
1303,4,0,0,0,0
1304,4,0,0,0,0
1305,4,0,0,0,0
1306,4,0,0,0,0
1307,4,0,0,0,0
1308,4,0,0,0,0
1309,4,0,0,0,0
1310,4,0,0,0,0
1311,4,0,0,0,0
1312,4,0,0,0,0
1313,4,0,0,0,0
1314,4,0,0,0,0
1315,4,0,0,0,0
1316,4,0,0,0,0
1317,4,0,0,0,0
1318,4,0,0,0,0
1319,4,0,0,0,0
1320,4,0,0,0,0
1321,4,0,0,0,0
1322,4,0,0,0,0
1323,4,0,0,0,0
1324,4,0,0,0,0
1325,4,0,0,0,0
1326,4,0,0,0,0
1327,4,0,0,0,0
1328,4,0,0,0,0
1329,4,0,0,0,0
1330,4,0,0,0,0
1331,4,0,4,4,4
1332,4,0,4,4,4
1333,4,0,0,0,0
1334,4,0,0,0,0
1335,4,0,0,0,4
1336,4,0,4,4,4
1337,4,0,4,4,4
1338,4,4,4,4,4
1339,4,4,4,4,4
1340,4,0,0,0,0
1341,4,4,4,4,4
1342,4,0,0,0,0
1343,4,0,0,0,0
1344,4,0,0,0,0
1345,4,2,2,2,2
1346,4,0,0,0,0
1347,4,0,0,0,0
1348,4,0,0,0,0
1349,4,0,0,0,0
1350,4,0,0,0,0
1351,4,0,0,0,0
1352,4,0,0,0,0
1353,4,0,0,0,0
1354,4,0,0,0,0
1355,4,0,0,0,0
1356,4,0,0,0,0
1357,4,0,0,0,0
1358,4,0,0,0,0
1359,4,0,0,0,0
1360,4,0,0,0,0
1361,4,0,0,0,0
1362,4,0,0,0,0
1363,4,0,0,0,0
1364,4,0,0,0,0
1365,4,0,0,0,0
1366,4,0,0,0,0
1367,4,0,0,0,0
1368,4,0,0,0,0
1369,4,0,0,0,0
1370,4,0,0,0,0
1371,4,0,0,0,0
1372,4,0,0,0,0
1373,4,0,0,0,0
1374,4,0,0,0,0
1375,4,2,2,2,2
1376,4,0,0,0,0
1377,4,0,0,0,0
1378,4,0,0,0,0
1379,4,0,0,0,0
1380,4,0,0,0,0
1381,4,0,0,0,0
1382,4,0,0,0,0
1383,4,0,0,0,0
1384,4,0,0,0,0
1385,4,0,0,0,0
1386,4,0,0,0,0
1387,4,0,0,0,0
1388,4,0,0,0,0
1389,4,0,0,0,0
1390,4,0,0,0,0
1391,4,0,3,4,4
1392,4,0,0,0,0
1393,4,0,0,0,0
1394,4,0,0,0,0
1395,4,0,0,0,0
1396,4,0,0,0,0
1397,4,0,0,0,0
1398,4,0,0,0,0
1399,4,0,0,0,0
1400,4,0,0,0,0
1401,4,0,0,0,0
1402,4,0,0,0,0
1403,4,0,0,0,0
1404,4,0,0,0,0
1405,4,0,0,0,0
1406,4,0,0,0,0
1407,4,0,0,0,0
1408,4,0,0,0,0
1409,4,0,0,0,0
1410,4,0,0,0,0
1411,4,0,0,0,0
1412,4,0,0,0,0
1413,4,0,0,0,0
1414,4,0,0,0,0
1415,4,0,0,0,0
1416,4,0,0,0,0
1417,4,0,0,0,0
1418,4,2,2,2,2
1419,4,2,2,2,2
1420,4,0,0,0,0
1421,4,0,0,0,0
1422,4,0,0,0,0
1423,4,0,0,0,0
1424,4,0,0,0,0
1425,4,0,0,0,0
1426,4,0,0,0,0
1427,4,0,0,0,0
1428,4,0,0,0,0
1429,4,0,0,0,0
1430,4,0,0,0,0
1431,4,0,0,0,0
1432,4,0,0,0,0
1433,4,0,2,2,2
1434,4,0,0,0,0
1435,4,0,0,0,0
1436,4,0,0,0,0
1437,4,0,0,0,0
1438,4,0,0,0,0
1439,4,0,0,0,0
1440,4,0,0,0,0
1441,4,0,0,0,0
1442,4,0,0,0,0
1443,4,0,0,0,0
1444,4,0,0,0,0
1445,4,0,0,0,0
1446,4,0,0,0,0
1447,4,0,0,0,0
1448,4,0,0,0,0
1449,4,0,0,0,0
1450,4,0,0,0,0
1451,4,2,2,2,2
1452,4,0,0,0,0
1453,4,0,0,0,0
1454,4,0,0,0,0
1455,4,0,0,0,0
1456,4,0,0,0,0
1457,4,0,0,0,0
1458,4,0,0,0,0
1459,4,0,0,0,0
1460,4,0,0,0,0
1461,4,0,0,0,0
1462,4,0,0,0,0
1463,4,0,0,0,0
1464,4,0,0,0,0
1465,4,0,0,0,0
1466,4,0,0,0,0
1467,4,0,0,0,0
1468,4,0,0,0,0
1469,4,0,0,0,0
1470,4,0,0,0,0
1471,4,0,0,0,0
1472,4,0,0,0,0
1473,4,0,0,0,0
1474,4,0,0,0,0
1475,4,2,2,2,2
1476,4,0,0,0,0
1477,4,0,0,0,0
1478,4,0,0,0,0
1479,4,0,0,0,0
1480,4,0,0,0,0
1481,4,0,0,0,0
1482,4,0,0,0,0
1483,4,0,0,0,0
1484,4,0,0,0,0
1485,4,0,0,0,0
1486,4,0,0,0,0
1487,4,0,0,0,0
1488,4,0,0,0,0
1489,4,0,0,0,0
1490,4,0,0,0,0
1491,4,0,0,0,0
1492,4,0,0,0,0
1493,4,0,0,0,0
1494,4,0,0,0,0
1495,4,0,0,0,0
1496,4,0,0,0,0
1497,4,0,0,0,0
1498,4,0,0,0,0
1499,4,0,0,0,0
1500,4,0,0,0,0
1501,4,4,4,4,4
1502,4,0,0,0,0
1503,4,0,0,0,0
1504,4,0,0,0,0
1505,2,0,2,2,2
1506,2,2,2,2,2
1507,2,2,2,2,2
1508,2,2,2,2,2
1509,2,2,2,2,2
1510,2,2,2,2,2
1511,2,2,2,2,2
1512,2,2,2,2,2
1513,2,0,0,0,2
1514,2,0,0,0,0
1515,2,0,2,2,4
1516,2,2,2,2,2
1517,2,0,0,0,0
1518,2,0,0,0,0
1519,2,0,0,0,0
1520,2,0,0,0,0
1521,2,0,0,0,0
1522,2,2,2,2,2
1523,2,2,2,2,2
1524,2,2,2,2,2
1525,2,2,2,2,2
1526,2,2,2,2,2
1527,2,0,2,2,2
1528,2,2,2,2,2
1529,2,2,2,2,2
1530,2,0,0,0,0
1531,2,25,2,2,2
1532,2,25,2,2,2
1533,2,0,3,4,2
1534,2,0,3,4,2
1535,2,0,0,0,0
1536,2,0,0,0,0
1537,2,0,0,0,0
1538,2,0,0,0,0
1539,2,0,0,0,0
1540,2,0,0,0,0
1541,2,0,0,0,0
1542,2,25,2,2,2
1543,2,25,2,2,2
1544,2,25,2,2,2
1545,2,2,2,2,2
1546,2,0,0,0,0
1547,2,0,2,2,2
1548,2,2,2,2,2
1549,2,2,2,2,2
1550,2,0,2,2,2
1551,2,0,0,0,0
1552,2,0,0,0,0
1553,2,0,2,2,2
1554,2,0,0,0,0
1555,2,0,0,0,0
1556,2,25,2,2,2
1557,2,0,2,25,4
1558,2,0,2,25,2
1559,2,2,25,2,2
1560,2,2,3,25,25
1561,2,0,0,25,25
1562,2,0,2,2,2
1563,2,0,2,2,2
1564,2,0,2,2,2
1565,2,25,25,25,25
1566,2,0,0,0,0
1567,2,0,2,2,2
1568,2,25,25,25,2
1569,2,25,25,25,25
1570,2,25,25,25,25
1571,2,0,0,0,0
1572,2,0,2,2,2
1573,2,0,0,0,0
1574,2,0,0,0,0
1575,2,0,2,2,2
1576,2,0,2,2,2
1577,2,0,2,2,2
1578,2,2,2,2,2
1579,2,0,2,2,2
1580,2,2,2,2,2
1581,2,0,2,2,2
1582,2,0,2,2,2
1583,2,0,2,2,2
1584,2,0,2,2,2
1585,2,2,2,2,2
1586,2,2,2,2,2
1587,2,0,0,0,0
1588,2,2,2,2,2
1589,2,2,2,2,2
1590,2,2,2,2,2
1591,2,2,2,2,2
1592,2,2,2,25,25
1593,2,2,2,2,2
1594,2,0,2,2,2
1595,2,25,2,2,2
1596,2,2,2,2,2
1597,2,0,2,2,2
1598,2,2,2,2,2
1599,2,2,2,2,2
1600,2,2,2,2,2
1601,2,0,0,0,0
1602,2,2,2,2,2
1603,2,0,0,0,0
1604,2,2,2,2,2
1605,2,2,2,2,2
1606,2,0,0,0,0
1607,2,0,0,0,0
1608,2,0,0,0,0
1609,2,0,0,0,0
1610,2,2,2,2,2
1611,2,2,2,2,2
1612,2,2,2,2,2
1613,2,2,2,2,2
1614,2,2,2,2,2
1615,2,2,2,2,2
1616,2,2,2,2,2
1617,2,2,2,2,2
1618,2,0,2,2,2
1619,2,2,2,2,2
1620,2,2,2,2,2
1621,2,2,2,2,2
1622,2,2,2,2,2
1623,2,0,0,0,0
1624,2,0,0,0,0
1625,2,2,2,2,4
1626,2,2,2,2,2
1627,2,2,2,2,2
1628,2,2,2,2,2
1629,2,2,2,25,25
1630,2,0,0,0,0
1631,2,0,0,0,0
1632,2,0,0,0,0
1633,2,2,2,2,2
1634,2,2,2,2,2
1635,2,0,0,0,0
1636,2,0,0,0,0
1637,2,0,0,0,0
1638,2,4,4,4,4
1639,2,0,0,4,4
1640,2,0,0,0,0
1641,2,0,0,0,0
1642,2,0,0,0,0
1643,2,0,0,0,0
1644,2,0,0,0,0
1645,2,0,0,0,0
1646,2,0,0,0,0
1647,2,0,0,0,4
1648,2,0,2,2,25
1649,2,0,0,0,0
1650,2,25,25,25,25
1651,2,0,0,0,0
1652,2,2,2,25,25
1653,2,0,2,2,4
1654,2,0,0,0,0
1655,2,25,25,25,25
1656,2,0,2,2,2
1657,2,0,2,2,2
1658,2,0,0,0,0
1659,2,0,0,0,0
1660,2,0,2,2,2
1661,2,2,2,2,2
1662,2,2,2,2,2
1663,2,2,2,2,2
1664,2,2,2,2,2
1665,2,2,2,2,2
1666,2,2,2,2,2
1667,2,25,2,2,2
1668,2,25,2,2,2
1669,2,0,0,0,0
1670,2,0,0,0,0
1671,2,25,25,25,25
1672,2,25,25,25,25
1673,2,25,25,2,25
1674,2,3,25,25,2
1675,2,25,25,25,25
1676,2,2,3,4,4
1677,2,2,25,2,2
1678,2,25,25,25,2
1679,2,25,25,25,2
1680,2,2,3,25,4
1681,2,2,2,2,2
1682,2,25,2,25,25
1683,2,2,2,2,2
1684,2,2,2,2,2
1685,2,2,2,2,2
1686,2,3,25,2,2
1687,2,0,2,2,2
1688,2,25,2,2,2
1689,2,2,2,2,2
1690,2,25,2,25,25
1691,2,25,25,25,25
1692,2,2,2,2,2
1693,2,2,2,2,2
1694,2,2,2,2,2
1695,2,25,25,25,25
1696,2,25,25,25,2
1697,2,25,2,2,2
1698,2,0,0,0,0
1699,2,0,2,0,2
1700,2,0,0,0,0
1701,2,2,2,2,2
1702,2,2,2,2,2
1703,2,2,2,2,2
1704,2,0,2,2,2
1705,2,2,2,2,2
1706,2,2,2,2,2
1707,2,2,2,2,2
1708,2,2,2,2,2
1709,2,0,0,0,0
1710,2,0,0,0,0
1711,2,25,25,0,25
1712,2,2,2,2,25
1713,2,0,2,2,2
1714,2,0,2,2,2
1715,2,0,0,0,0
1716,2,0,0,0,0
1717,2,25,25,25,25
1718,2,25,25,25,25
1719,2,25,25,25,25
1720,2,0,0,0,4
1721,2,25,25,25,25
1722,2,25,25,25,25
1723,2,25,2,25,25
1724,2,0,0,0,0
1725,2,25,25,25,25
1726,2,0,2,2,2
1727,2,25,2,2,2
1728,2,25,25,25,25
1729,2,25,25,25,25
1730,2,25,2,2,2
1731,2,2,0,2,2
1732,2,2,2,2,25
1733,2,0,0,0,0
1734,2,25,25,25,25
1735,2,25,25,25,25
1736,2,25,25,25,25
1737,2,25,25,25,25
1738,2,25,25,25,25
1739,2,25,25,25,25
1740,2,25,25,25,25
1741,2,0,0,0,0
1742,2,4,4,4,4
1743,2,4,4,4,4
1744,2,25,2,2,2
1745,2,0,2,2,2
1746,2,0,0,0,0
1747,2,2,2,2,2
1748,2,25,2,2,2
1749,2,25,2,2,2
1750,2,25,25,25,25
1751,2,0,0,0,0
1752,2,0,0,0,0
1753,2,0,0,0,0
1754,2,0,0,0,0
1755,2,25,25,25,25
1756,2,25,25,25,25
1757,2,25,25,25,25
1758,2,4,4,4,4
1759,2,4,4,4,4
1760,2,4,4,4,4
1761,2,4,4,4,4
1762,2,4,4,4,4
1763,2,0,0,0,0
1764,2,0,0,0,0
1765,2,0,2,2,2
1766,2,0,0,0,0
1767,2,0,0,0,4
1768,2,25,2,2,2
1769,2,25,25,25,25
1770,2,25,25,25,25
1771,2,0,0,0,4
1772,2,0,0,0,0
1773,2,0,0,0,0
1774,2,0,0,0,0
1775,2,0,0,0,0
1776,2,0,0,0,0
1777,2,0,0,0,0
1778,2,2,2,2,2
1779,2,0,0,0,0
1780,2,0,0,0,0
1781,2,2,2,2,2
1782,2,2,2,4,2
1783,2,2,2,2,2
1784,2,25,2,2,2
1785,2,0,2,2,2
1786,2,25,2,2,2
1787,2,0,2,2,2
1788,2,0,0,0,0
1789,2,0,0,0,0
1790,2,2,2,2,2
1791,2,2,2,2,2
1792,2,2,2,2,2
1793,2,2,2,2,2
1794,2,2,2,2,2
1795,2,2,2,2,2
1796,2,2,2,2,2
1797,2,2,2,2,2
1798,2,2,2,2,2
1799,2,2,2,2,2
1800,2,2,2,2,2
1801,2,2,2,2,2
1802,2,2,2,2,2
1803,2,2,2,2,2
1804,2,2,2,2,2
1805,2,2,2,2,2
1806,2,4,4,4,4
1807,2,4,4,4,4
1808,2,4,4,4,4
1809,2,4,4,4,4
1810,2,4,4,4,4
1811,2,4,4,4,4
1812,2,4,4,4,4
1813,2,4,4,4,4
1814,2,4,4,4,4
1815,2,4,4,4,4
1816,2,4,4,4,4
1817,2,4,4,4,4
1818,2,4,4,4,4
1819,2,4,4,4,4
1820,2,4,4,4,4
1821,2,4,4,4,4
1822,2,4,4,4,4
1823,2,4,4,4,4
1824,2,4,4,4,4
1825,2,4,4,4,4
1826,2,4,4,4,4
1827,2,4,4,4,4
1828,2,4,4,4,4
1829,2,4,4,4,4
1830,2,4,4,4,4
1831,2,4,4,4,4
1832,2,4,4,4,4
1833,2,4,4,4,4
1834,2,0,4,4,4
1835,2,4,4,4,4
1836,2,0,0,0,0
1837,2,4,4,4,4
1838,2,4,4,4,4
1839,2,4,4,4,4
1840,2,4,4,4,4
1841,2,4,4,4,4
1842,2,2,2,2,2
1843,2,2,2,2,2
1844,2,2,2,2,2
1845,2,2,2,2,2
1846,2,0,0,0,0
1847,2,0,0,0,0
1848,2,0,0,0,0
1849,2,0,0,0,0
1850,2,0,0,0,0
1851,2,0,0,0,0
1852,2,0,0,0,0
1853,2,0,0,0,0
1854,2,0,0,0,0
1855,2,2,2,2,2
1856,2,2,2,2,2
1857,2,2,2,2,2
1858,2,25,2,2,2
1859,2,0,2,2,2
1860,2,2,2,2,2
1861,2,2,2,2,2
1862,2,2,2,2,2
1863,2,2,2,2,2
1864,2,2,2,2,2
1865,2,2,2,2,2
1866,2,2,2,2,2
1867,2,2,2,2,2
1868,2,2,2,25,25
1869,2,2,25,25,25
1870,2,2,25,25,25
1871,2,2,2,2,2
1872,2,2,2,2,2
1873,2,2,25,25,25
1874,2,2,2,2,2
1875,2,2,2,2,2
1876,2,2,2,2,2
1877,2,25,25,25,25
1878,2,0,2,2,2
1879,2,0,2,2,2
1880,2,25,2,2,2
1881,2,25,2,2,2
1882,2,2,2,2,2
1883,2,2,2,2,2
1884,2,2,2,2,2
1885,2,2,2,2,2
1886,2,2,2,2,2
1887,2,25,25,25,25
1888,2,25,25,25,25
1889,2,25,3,25,25
1890,2,0,0,0,0
1891,2,25,25,25,25
1892,2,25,2,4,4
1893,2,25,2,4,4
1894,2,0,0,0,0
1895,2,2,2,0,0
1896,2,2,2,4,4
1897,2,25,25,25,25
1898,2,25,25,25,25
1899,2,0,2,4,4
1900,2,0,0,0,0
1901,2,3,3,3,3
1902,2,3,3,3,3
1903,2,25,25,2,2
1904,2,2,2,2,2
1905,2,2,2,2,2
1906,2,25,25,2,2
1907,2,2,2,2,2
1908,2,2,0,2,2
1909,2,2,2,2,2
1910,2,2,2,0,2
1911,2,0,0,0,0
1912,2,2,2,2,2
1913,2,2,2,2,2
1914,2,2,2,2,2
1915,2,2,2,2,2
1916,2,2,2,2,2
1917,2,2,2,2,2
1918,2,2,2,2,2
1919,2,2,2,2,2
1920,2,2,2,2,2
1921,2,2,2,2,2
1922,2,2,2,2,2
1923,2,2,2,2,2
1924,2,0,2,2,2
1925,2,2,2,2,2
1926,2,2,2,2,2
1927,2,2,2,2,2
1928,2,25,25,25,25
1929,2,2,2,2,2
1930,2,0,0,0,0
1931,2,0,2,2,2
1932,2,25,25,25,25
1933,2,25,25,25,25
1934,2,2,2,2,2
1935,2,2,25,25,2
1936,2,2,2,2,2
1937,2,2,2,2,2
1938,2,0,0,0,0
1939,2,2,2,2,2
1940,2,0,0,0,2
1941,2,2,25,25,25
1942,2,2,2,2,2
1943,2,0,2,2,2
1944,2,0,2,2,2
1945,2,0,2,2,2
1946,2,2,2,2,2
1947,2,2,2,2,2
1948,2,2,2,2,2
1949,2,2,2,2,2
1950,2,2,2,2,2
1951,2,2,2,2,2
1952,2,0,0,0,0
1953,2,2,2,2,2
1954,2,2,2,2,2
1955,2,2,2,2,2
1956,2,0,0,0,0
1957,2,2,2,2,2
1958,2,2,2,2,2
1959,2,2,2,2,2
1960,2,2,2,2,2
1961,2,2,2,2,2
1962,2,0,2,2,2
1963,2,0,2,2,2
1964,2,0,0,0,0
1965,2,2,2,2,2
1966,2,2,2,2,2
1967,2,2,2,2,2
1968,2,2,2,2,0
1969,2,2,2,2,4
1970,2,2,2,2,4
1971,2,2,2,2,2
1972,2,2,2,2,2
1973,2,2,2,2,2
1974,2,2,2,0,2
1975,2,2,2,4,2
1976,2,0,0,0,0
1977,2,2,2,2,2
1978,2,0,2,2,2
1979,2,0,2,2,2
1980,2,0,2,2,2
1981,2,0,2,2,2
1982,2,25,2,2,2
1983,2,25,2,2,2
1984,2,2,2,2,2
1985,2,2,2,2,2
1986,2,2,2,2,2
1987,2,2,2,2,2
1988,2,2,2,2,2
1989,2,2,2,2,2
1990,2,25,25,3,2
1991,2,2,2,2,2
1992,2,0,0,0,0
1993,2,0,2,2,2
1994,2,2,2,2,2
1995,2,2,2,2,2
1996,2,2,2,2,2
1997,2,2,2,2,2
1998,2,0,2,2,2
1999,2,2,2,2,2
2000,2,2,2,2,2
2001,2,2,2,2,2
2002,2,0,2,2,2
2003,2,25,2,2,2
2004,2,25,2,2,2
2005,2,25,2,2,2
2006,2,0,0,0,0
2007,2,2,2,2,2
2008,2,2,2,2,2
2009,2,2,2,2,2
2010,2,2,2,2,2
2011,2,0,0,0,0
2012,2,2,2,2,2
2013,2,2,2,2,2
2014,2,0,0,0,0
2015,2,2,2,2,2
2016,2,25,2,2,2
2017,2,0,0,0,0
2018,2,0,0,0,0
2019,2,2,2,2,2
2020,2,0,0,0,0
2021,2,0,0,0,0
2022,2,0,0,0,0
2023,2,0,0,0,0
2024,2,2,2,2,2
2025,2,2,2,2,2
2026,2,2,2,2,2
2027,2,25,25,25,25
2028,2,25,25,25,25
2029,2,4,4,4,4
2030,2,0,2,2,2
2031,2,25,25,4,25
2032,2,2,2,2,2
2033,2,2,2,2,2
2034,2,25,25,25,25
2035,2,0,2,2,2
2036,2,2,2,4,4
2037,2,25,25,25,25
2038,2,2,2,2,4
2039,2,0,0,0,0
2040,2,2,2,2,2
2041,2,2,2,2,2
2042,2,2,2,2,2
2043,2,2,2,2,2
2044,2,0,0,0,0
2045,2,2,2,2,2
2046,6,0,0,0,0
2047,6,0,0,0,0
2048,6,0,0,0,0
2049,6,0,0,0,0
2050,6,0,0,0,0
2051,6,0,0,0,0
2052,6,0,0,0,0
2053,6,0,0,0,0
2054,6,0,0,0,0
2055,6,0,0,0,0
2056,6,0,0,0,0
2057,6,0,0,0,0
2058,6,0,0,0,0
2059,6,0,0,0,0
2060,6,0,0,0,0
2061,6,0,0,0,0
2062,6,0,0,0,0
2063,6,0,0,0,0
2064,6,0,0,0,0
2065,6,0,0,0,0
2066,6,0,0,0,0
2067,6,0,0,0,0
2068,6,0,0,0,0
2069,6,0,0,0,0
2070,6,0,0,0,0
2071,6,0,0,0,0
2072,6,0,0,0,0
2073,6,0,0,0,0
2074,6,0,0,0,0
2075,6,0,0,0,0
2076,6,0,0,0,0
2077,6,0,0,0,0
2078,6,0,0,0,0
2079,6,2,2,2,2
2080,6,4,4,4,4
2081,6,0,0,0,0
2082,6,0,0,0,0
2083,6,0,0,0,0
2084,6,0,0,0,0
2085,6,0,0,0,0
2086,6,0,2,2,2
2087,6,0,2,2,2
2088,6,0,0,0,0
2089,6,0,0,0,0
2090,6,0,0,0,0
2091,6,0,0,0,0
2092,6,0,0,0,0
2093,6,0,0,0,0
2094,6,0,0,0,0
2095,6,0,0,0,0
2096,6,0,0,0,0
2097,6,0,0,0,0
2098,6,0,0,0,0
2099,6,0,0,0,0
2100,6,0,0,0,0
2101,6,0,0,0,0
2102,6,0,0,0,0
2103,6,0,0,0,0
2104,6,0,0,0,0
2105,6,0,0,0,0
2106,6,0,0,0,0
2107,6,0,0,0,0
2108,6,0,0,0,0
2109,6,0,0,0,0
2110,6,0,0,0,0
2111,6,0,0,0,0
2112,6,0,0,0,0
2113,6,0,0,0,0
2114,6,0,0,0,0
2115,6,0,0,0,0
2116,6,0,0,0,0
2117,6,0,0,0,0
2118,6,0,0,0,0
2119,6,0,0,0,0
